sdasdfasda	timestamp	pod	metric	value
	2025-07-31 05:37	aws-node-xqbqv	cpu_usage	0.0032154526426251
	2025-07-31 05:37	ebs-csi-node-fltgc	cpu_avg	0.0001840056347802
	2025-07-31 05:37	aws-node-t8fzj	pod_restart	0.0
	2025-07-31 05:37	cert-manager-cainjector-55cd9f77b5-98r24	cpu_usage	0.0007263645979035
	2025-07-31 05:37	cert-manager-webhook-7987476d56-qnxmd	cpu_usage	0.0003316574368093
	2025-07-31 05:37	ebs-csi-controller-76d8884b66-j8wzm	cpu_usage	0.0066515312346226
	2025-07-31 05:37	ebs-csi-node-gmw2z	cpu_usage	0.0005604459666982
	2025-07-31 05:37	frontend-665fb7799d-8vhc6	cpu_usage	2.76458123823e-05
	2025-07-31 05:37	kube-proxy-2mgjw	cpu_usage	0.0002893244709899
	2025-07-31 05:37	prometheus-prometheus-node-exporter-htv66	cpu_usage	0.0004183163847589
	2025-07-31 05:37	ebs-csi-controller-76d8884b66-ktczg	memory_usage	54525952.0
	2025-07-31 05:37	prometheus-server-7b84b7964c-6fqjr	cpu_usage	0.0059948769542892
	2025-07-31 05:37	users-758478f69-v748v	cpu_usage	2.86307633618e-05
	2025-07-31 05:37	prometheus-alertmanager-0	cpu_usage	0.0010664602395485
	2025-07-31 05:37	aws-node-t8fzj	cpu_usage	0.0032858788678957
	2025-07-31 05:37	boards-7549648968-rxqtg	cpu_usage	2.86654099866e-05
	2025-07-31 05:37	cert-manager-58dd99f969-gz6bc	cpu_usage	0.0007634851295568
	2025-07-31 05:37	coredns-844d8f59bb-j58mx	cpu_usage	0.0011657216967116
	2025-07-31 05:37	coredns-844d8f59bb-mt26b	cpu_usage	0.001138437490425
	2025-07-31 05:37	aws-load-balancer-controller-699649575d-fk44d	cpu_usage	0.002298847333646
	2025-07-31 05:37	ebs-csi-node-fltgc	cpu_usage	0.0005520169043406
	2025-07-31 05:37	aws-load-balancer-controller-699649575d-fk44d	memory_usage	29229056.0
	2025-07-31 05:37	cert-manager-cainjector-55cd9f77b5-98r24	memory_usage	13172736.0
	2025-07-31 05:37	cert-manager-webhook-7987476d56-qnxmd	memory_usage	12890112.0
	2025-07-31 05:37	ebs-csi-controller-76d8884b66-j8wzm	memory_usage	56270848.0
	2025-07-31 05:37	ebs-csi-node-gmw2z	memory_usage	20025344.0
	2025-07-31 05:37	frontend-665fb7799d-8vhc6	memory_usage	3207168.0
	2025-07-31 05:37	kube-proxy-2mgjw	memory_usage	12795904.0
	2025-07-31 05:37	prometheus-prometheus-node-exporter-q2lg7	memory_usage	9965568.0
	2025-07-31 05:37	prometheus-server-7b84b7964c-6fqjr	memory_usage	239390720.0
	2025-07-31 05:37	prometheus-prometheus-pushgateway-784c485d55-kczqb	memory_usage	8867840.0
	2025-07-31 05:37	users-758478f69-v748v	memory_usage	3153920.0
	2025-07-31 05:37	prometheus-alertmanager-0	memory_usage	15228928.0
	2025-07-31 05:37	aws-node-t8fzj	memory_usage	78974976.0
	2025-07-31 05:37	boards-7549648968-rxqtg	memory_usage	3211264.0
	2025-07-31 05:37	kube-proxy-sct9q	cpu_usage	0.0002664708035714
	2025-07-31 05:37	grafana-58f7855dcb-drbv8	cpu_usage	0.0034719226121291
	2025-07-31 05:37	ebs-csi-controller-76d8884b66-ktczg	cpu_usage	0.0029323119892728
	2025-07-31 05:37	coredns-844d8f59bb-j58mx	memory_usage	16818176.0
	2025-07-31 05:37	cert-manager-58dd99f969-gz6bc	memory_usage	22405120.0
	2025-07-31 05:37	aws-node-xqbqv	memory_usage	79724544.0
	2025-07-31 05:37	ebs-csi-controller-76d8884b66-ktczg	pod_restart	0.0
	2025-07-31 05:37	grafana-58f7855dcb-drbv8	pod_restart	0.0
	2025-07-31 05:37	ebs-csi-node-fltgc	pod_pending	1.0
	2025-07-31 05:37	cert-manager-webhook-7987476d56-qnxmd	pod_pending	1.0
	2025-07-31 05:37	frontend-665fb7799d-8vhc6	pod_pending	1.0
	2025-07-31 05:37	kube-proxy-sct9q	net_transmit	13882.936507936509
	2025-07-31 05:37	kube-proxy-sct9q	memory_usage	13426688.0
	2025-07-31 05:37	prometheus-alertmanager-0	pod_pending	1.0
	2025-07-31 05:37	prometheus-kube-state-metrics-57d654d7bf-g92qr	memory_usage	16654336.0
	2025-07-31 05:37	prometheus-prometheus-node-exporter-htv66	memory_usage	9932800.0
	2025-07-31 05:37	grafana-58f7855dcb-drbv8	pod_pending	1.0
	2025-07-31 05:37	ebs-csi-node-gmw2z	pod_pending	1.0
	2025-07-31 05:37	aws-node-t8fzj	pod_pending	1.0
	2025-07-31 05:37	coredns-844d8f59bb-j58mx	pod_pending	1.0
	2025-07-31 05:37	cert-manager-cainjector-55cd9f77b5-98r24	pod_pending	1.0
	2025-07-31 05:37	prometheus-kube-state-metrics-57d654d7bf-g92qr	pod_pending	1.0
	2025-07-31 05:37	prometheus-prometheus-node-exporter-htv66	pod_pending	1.0
	2025-07-31 05:37	ebs-csi-controller-76d8884b66-j8wzm	pod_pending	1.0
	2025-07-31 05:37	users-758478f69-v748v	pod_pending	1.0
	2025-07-31 05:37	grafana-58f7855dcb-drbv8	memory_usage	116129792.0
	2025-07-31 05:37	ebs-csi-node-fltgc	memory_usage	19922944.0
	2025-07-31 05:37	aws-node-xqbqv	pod_pending	1.0
	2025-07-31 05:37	cert-manager-webhook-7987476d56-qnxmd	pod_restart	0.0
	2025-07-31 05:37	kube-proxy-sct9q	pod_pending	1.0
	2025-07-31 05:37	coredns-844d8f59bb-mt26b	pod_pending	1.0
	2025-07-31 05:37	aws-load-balancer-controller-699649575d-fk44d	pod_pending	1.0
	2025-07-31 05:37	cert-manager-58dd99f969-gz6bc	pod_pending	1.0
	2025-07-31 05:37	prometheus-server-7b84b7964c-6fqjr	pod_pending	1.0
	2025-07-31 05:37	prometheus-kube-state-metrics-57d654d7bf-g92qr	cpu_usage	0.0017339810581078
	2025-07-31 05:37	prometheus-prometheus-node-exporter-q2lg7	pod_pending	1.0
	2025-07-31 05:37	prometheus-kube-state-metrics-57d654d7bf-g92qr	pod_restart	0.0
	2025-07-31 05:37	prometheus-alertmanager-0	pod_restart	0.0
	2025-07-31 05:37	frontend-665fb7799d-8vhc6	pod_restart	0.0
	2025-07-31 05:37	ebs-csi-controller-76d8884b66-j8wzm	pod_restart	0.0
	2025-07-31 05:37	users-758478f69-v748v	pod_restart	0.0
	2025-07-31 05:37	ebs-csi-node-gmw2z	pod_restart	0.0
	2025-07-31 05:37	prometheus-prometheus-pushgateway-784c485d55-kczqb	pod_pending	1.0
	2025-07-31 05:37	kube-proxy-2mgjw	pod_pending	1.0
	2025-07-31 05:37	boards-7549648968-rxqtg	pod_pending	1.0
	2025-07-31 05:37	ebs-csi-controller-76d8884b66-ktczg	pod_pending	1.0
	2025-07-31 05:37	ebs-csi-node-fltgc	pod_restart	0.0
	2025-07-31 05:37	prometheus-prometheus-node-exporter-htv66	pod_restart	0.0
	2025-07-31 05:37	kube-proxy-2mgjw	cpu_avg	0.0002893244709899
	2025-07-31 05:37	prometheus-prometheus-node-exporter-q2lg7	cpu_usage	0.0003868621132334
	2025-07-31 05:37	coredns-844d8f59bb-mt26b	net_receive	123.97063831707828
	2025-07-31 05:37	kube-proxy-2mgjw	pod_restart	0.0
	2025-07-31 05:37	kube-proxy-sct9q	pod_restart	0.0
	2025-07-31 05:37	aws-node-xqbqv	pod_restart	0.0
	2025-07-31 05:37	coredns-844d8f59bb-mt26b	pod_restart	0.0
	2025-07-31 05:37	aws-load-balancer-controller-699649575d-fk44d	pod_restart	0.0
	2025-07-31 05:37	cert-manager-58dd99f969-gz6bc	pod_restart	0.0
	2025-07-31 05:37	prometheus-server-7b84b7964c-6fqjr	pod_restart	0.0
	2025-07-31 05:37	aws-node-xqbqv	cpu_avg	0.0016077263213125
	2025-07-31 05:37	aws-load-balancer-controller-699649575d-fk44d	cpu_avg	0.002298847333646
	2025-07-31 05:37	cert-manager-cainjector-55cd9f77b5-98r24	cpu_avg	0.0007263645979035
	2025-07-31 05:37	cert-manager-webhook-7987476d56-qnxmd	cpu_avg	0.0003316574368093
	2025-07-31 05:37	ebs-csi-controller-76d8884b66-j8wzm	cpu_avg	0.0011085885391037
	2025-07-31 05:37	ebs-csi-node-gmw2z	cpu_avg	0.0001868153222327
	2025-07-31 05:37	frontend-665fb7799d-8vhc6	cpu_avg	2.76458123823e-05
	2025-07-31 05:37	prometheus-prometheus-node-exporter-q2lg7	cpu_avg	0.0003868621132334
	2025-07-31 05:37	prometheus-server-7b84b7964c-6fqjr	cpu_avg	0.0029974384771446
	2025-07-31 05:37	users-758478f69-v748v	net_receive	73.28232567650467
	2025-07-31 05:37	prometheus-prometheus-pushgateway-784c485d55-kczqb	pod_restart	0.0
	2025-07-31 05:37	prometheus-prometheus-node-exporter-q2lg7	pod_restart	0.0
	2025-07-31 05:37	aws-load-balancer-controller-699649575d-fk44d	net_receive	2732.1567268512435
	2025-07-31 05:37	cert-manager-webhook-7987476d56-qnxmd	net_receive	159.1836077322929
	2025-07-31 05:37	coredns-844d8f59bb-mt26b	memory_usage	16945152.0
	2025-07-31 05:37	ebs-csi-controller-76d8884b66-ktczg	net_transmit	330.1105596131029
	2025-07-31 05:37	users-758478f69-v748v	cpu_avg	2.86307633618e-05
	2025-07-31 05:37	prometheus-alertmanager-0	cpu_avg	0.0010664602395485
	2025-07-31 05:37	aws-node-t8fzj	cpu_avg	0.0016429394339478
	2025-07-31 05:37	boards-7549648968-rxqtg	cpu_avg	2.86654099866e-05
	2025-07-31 05:37	cert-manager-58dd99f969-gz6bc	cpu_avg	0.0007634851295568
	2025-07-31 05:37	coredns-844d8f59bb-j58mx	cpu_avg	0.0011657216967116
	2025-07-31 05:37	coredns-844d8f59bb-j58mx	pod_restart	0.0
	2025-07-31 05:37	prometheus-prometheus-pushgateway-784c485d55-kczqb	net_receive	107.85701683800148
	2025-07-31 05:37	ebs-csi-controller-76d8884b66-ktczg	cpu_avg	0.0004887186648788
	2025-07-31 05:37	grafana-58f7855dcb-drbv8	cpu_avg	0.0034719226121291
	2025-07-31 05:37	kube-proxy-sct9q	cpu_avg	0.0002664708035714
	2025-07-31 05:37	prometheus-kube-state-metrics-57d654d7bf-g92qr	cpu_avg	0.0017339810581078
	2025-07-31 05:37	prometheus-prometheus-node-exporter-htv66	cpu_avg	0.0004183163847589
	2025-07-31 05:37	prometheus-server-7b84b7964c-6fqjr	net_receive	16193.537026743776
	2025-07-31 05:37	cert-manager-cainjector-55cd9f77b5-98r24	net_receive	100.828400389344
	2025-07-31 05:37	prometheus-prometheus-pushgateway-784c485d55-kczqb	cpu_avg	0.000115422334817
	2025-07-31 05:37	coredns-844d8f59bb-mt26b	cpu_avg	0.001138437490425
	2025-07-31 05:37	boards-7549648968-rxqtg	pod_restart	0.0
	2025-07-31 05:37	prometheus-prometheus-pushgateway-784c485d55-kczqb	cpu_usage	0.000115422334817
	2025-07-31 05:37	coredns-844d8f59bb-j58mx	net_receive	125.01235639717542
	2025-07-31 05:37	ebs-csi-node-gmw2z	net_receive	45.91208600658921
	2025-07-31 05:37	boards-7549648968-rxqtg	net_receive	74.19196232176591
	2025-07-31 05:37	grafana-58f7855dcb-drbv8	net_receive	185.5357369825869
	2025-07-31 05:37	prometheus-kube-state-metrics-57d654d7bf-g92qr	net_receive	3112.6372407003155
	2025-07-31 05:37	prometheus-alertmanager-0	net_receive	101.28729124440945
	2025-07-31 05:37	cert-manager-cainjector-55cd9f77b5-98r24	pod_restart	0.0
	2025-07-31 05:37	cert-manager-58dd99f969-gz6bc	net_receive	162.44829645255913
	2025-07-31 05:37	aws-node-t8fzj	net_receive	12977.138047569608
	2025-07-31 05:37	ebs-csi-node-fltgc	net_receive	46.47333050796149
	2025-07-31 05:37	kube-proxy-sct9q	net_receive	12979.130397678784
	2025-07-31 05:37	ebs-csi-controller-76d8884b66-ktczg	net_receive	634.1474429240616
	2025-07-31 05:37	prometheus-server-7b84b7964c-6fqjr	net_transmit	857.4089553252064
	2025-07-31 05:37	prometheus-prometheus-node-exporter-q2lg7	net_receive	22750.756668946648
	2025-07-31 05:37	cert-manager-cainjector-55cd9f77b5-98r24	net_transmit	149.27499300266942
	2025-07-31 05:37	aws-load-balancer-controller-699649575d-fk44d	net_transmit	1356.224184560724
	2025-07-31 05:37	prometheus-prometheus-node-exporter-htv66	net_receive	12502.347754399798
	2025-07-31 05:37	cert-manager-webhook-7987476d56-qnxmd	net_transmit	183.96205523411484
	2025-07-31 05:37	aws-node-xqbqv	net_receive	23581.004841312533
	2025-07-31 05:37	ebs-csi-controller-76d8884b66-j8wzm	net_receive	687.8024032938374
	2025-07-31 05:37	kube-proxy-2mgjw	net_receive	23235.14123206087
	2025-07-31 05:37	ebs-csi-controller-76d8884b66-j8wzm	net_transmit	582.5178402220489
	2025-07-31 05:37	frontend-665fb7799d-8vhc6	net_receive	75.57829655687027
	2025-07-31 05:37	aws-node-xqbqv	net_transmit	24874.396987627755
	2025-07-31 05:37	kube-proxy-2mgjw	net_transmit	24497.733674293628
	2025-07-31 05:37	prometheus-prometheus-node-exporter-q2lg7	net_transmit	24059.003077975376
	2025-07-31 05:37	grafana-58f7855dcb-drbv8	net_transmit	237.12239969495403
	2025-07-31 05:37	prometheus-prometheus-pushgateway-784c485d55-kczqb	net_transmit	144.52366916102605
	2025-07-31 05:37	prometheus-kube-state-metrics-57d654d7bf-g92qr	net_transmit	6297.553574815096
	2025-07-31 05:37	boards-7549648968-rxqtg	net_transmit	164.59212103960184
	2025-07-31 05:37	ebs-csi-node-gmw2z	net_transmit	46.21553667418068
	2025-07-31 05:37	frontend-665fb7799d-8vhc6	net_transmit	169.4956253638697
	2025-07-31 05:37	coredns-844d8f59bb-j58mx	net_transmit	191.70681600357585
	2025-07-31 05:37	users-758478f69-v748v	net_transmit	162.57412582646035
	2025-07-31 05:37	prometheus-prometheus-node-exporter-htv66	net_transmit	13541.592490372015
	2025-07-31 05:37	prometheus-alertmanager-0	net_transmit	460.7154223688839
	2025-07-31 05:37	ebs-csi-node-fltgc	net_transmit	46.86484631995318
	2025-07-31 05:37	cert-manager-58dd99f969-gz6bc	net_transmit	182.8246154650813
	2025-07-31 05:37	coredns-844d8f59bb-mt26b	net_transmit	186.1734210299566
	2025-07-31 05:37	aws-node-t8fzj	net_transmit	13882.19536266807
	2025-07-31 05:45	prometheus-server-7b84b7964c-6fqjr	net_receive	16610.699030721207
	2025-07-31 05:45	aws-node-t8fzj	cpu_avg	0.0016051097750512
	2025-07-31 05:45	boards-7549648968-rxqtg	cpu_avg	2.82233697023e-05
	2025-07-31 05:45	cert-manager-58dd99f969-gz6bc	cpu_avg	0.0007509977481816
	2025-07-31 05:45	users-758478f69-v748v	cpu_avg	2.83113719284e-05
	2025-07-31 05:45	coredns-844d8f59bb-j58mx	cpu_avg	0.0011401774702618
	2025-07-31 05:45	aws-node-xqbqv	cpu_avg	0.0016367843593254
	2025-07-31 05:45	coredns-844d8f59bb-mt26b	net_transmit	187.8800570236552
	2025-07-31 05:45	kube-proxy-sct9q	pod_restart	0.0
	2025-07-31 05:45	cert-manager-cainjector-55cd9f77b5-98r24	net_receive	105.36929336075048
	2025-07-31 05:45	cert-manager-webhook-7987476d56-qnxmd	net_receive	160.12639834306833
	2025-07-31 05:45	prometheus-prometheus-pushgateway-784c485d55-kczqb	cpu_avg	0.0001190051306738
	2025-07-31 05:45	ebs-csi-node-fltgc	cpu_avg	0.000202939403367
	2025-07-31 05:45	prometheus-server-7b84b7964c-6fqjr	cpu_avg	0.0029869534638098
	2025-07-31 05:45	prometheus-kube-state-metrics-57d654d7bf-g92qr	net_transmit	6442.225410039968
	2025-07-31 05:45	prometheus-kube-state-metrics-57d654d7bf-g92qr	cpu_avg	0.0016668459473919
	2025-07-31 05:45	grafana-58f7855dcb-drbv8	cpu_avg	0.0034649925817994
	2025-07-31 05:45	kube-proxy-sct9q	cpu_avg	0.0002647723540256
	2025-07-31 05:45	prometheus-alertmanager-0	cpu_avg	0.0010485159243697
	2025-07-31 05:45	aws-node-xqbqv	pod_restart	0.0
	2025-07-31 05:45	boards-7549648968-rxqtg	pod_restart	0.0
	2025-07-31 05:45	prometheus-prometheus-node-exporter-htv66	cpu_avg	0.0004316580023172
	2025-07-31 05:45	coredns-844d8f59bb-mt26b	pod_restart	0.0
	2025-07-31 05:45	prometheus-prometheus-node-exporter-q2lg7	cpu_avg	0.0004069135913007
	2025-07-31 05:45	aws-load-balancer-controller-699649575d-fk44d	pod_restart	0.0
	2025-07-31 05:45	aws-load-balancer-controller-699649575d-fk44d	net_receive	2676.4581838735626
	2025-07-31 05:45	ebs-csi-controller-76d8884b66-ktczg	pod_restart	0.0
	2025-07-31 05:45	prometheus-server-7b84b7964c-6fqjr	pod_restart	0.0
	2025-07-31 05:45	cert-manager-cainjector-55cd9f77b5-98r24	cpu_avg	0.0007403306796042
	2025-07-31 05:45	prometheus-prometheus-pushgateway-784c485d55-kczqb	pod_restart	0.0
	2025-07-31 05:45	cert-manager-webhook-7987476d56-qnxmd	cpu_avg	0.0003202918899263
	2025-07-31 05:45	ebs-csi-node-gmw2z	cpu_avg	0.0001910551551641
	2025-07-31 05:45	frontend-665fb7799d-8vhc6	cpu_avg	2.84837265121e-05
	2025-07-31 05:45	cert-manager-58dd99f969-gz6bc	pod_restart	0.0
	2025-07-31 05:45	prometheus-prometheus-node-exporter-q2lg7	pod_restart	0.0
	2025-07-31 05:45	users-758478f69-v748v	net_receive	70.89148800591995
	2025-07-31 05:45	aws-load-balancer-controller-699649575d-fk44d	cpu_avg	0.0022730607751337
	2025-07-31 05:45	kube-proxy-2mgjw	pod_restart	0.0
	2025-07-31 05:45	coredns-844d8f59bb-j58mx	pod_restart	0.0
	2025-07-31 05:45	ebs-csi-controller-76d8884b66-j8wzm	cpu_avg	0.0011292966836554
	2025-07-31 05:45	ebs-csi-controller-76d8884b66-ktczg	cpu_avg	0.0004638652840182
	2025-07-31 05:45	cert-manager-webhook-7987476d56-qnxmd	net_transmit	186.056887440802
	2025-07-31 05:45	aws-node-xqbqv	net_receive	22546.138127971004
	2025-07-31 05:45	aws-node-xqbqv	net_transmit	23863.82134673917
	2025-07-31 05:45	kube-proxy-2mgjw	net_transmit	23894.58890566198
	2025-07-31 05:45	boards-7549648968-rxqtg	net_transmit	157.32430772275106
	2025-07-31 05:45	prometheus-prometheus-node-exporter-q2lg7	net_receive	22632.15764242127
	2025-07-31 05:45	cert-manager-58dd99f969-gz6bc	net_transmit	183.7028912348925
	2025-07-31 05:45	frontend-665fb7799d-8vhc6	net_transmit	157.88256753458617
	2025-07-31 05:45	prometheus-prometheus-pushgateway-784c485d55-kczqb	net_transmit	140.77889297256735
	2025-07-31 05:45	grafana-58f7855dcb-drbv8	net_transmit	239.87164541444827
	2025-07-31 05:45	ebs-csi-node-fltgc	net_transmit	45.61018365307426
	2025-07-31 05:45	coredns-844d8f59bb-j58mx	net_transmit	188.5631884246888
	2025-07-31 05:45	aws-node-t8fzj	net_transmit	13783.903918047748
	2025-07-31 05:45	cert-manager-cainjector-55cd9f77b5-98r24	pod_restart	0.0
	2025-07-31 05:45	users-758478f69-v748v	net_transmit	157.34753026783696
	2025-07-31 05:45	aws-load-balancer-controller-699649575d-fk44d	net_transmit	1350.446748842366
	2025-07-31 05:45	ebs-csi-controller-76d8884b66-ktczg	memory_usage	54587392.0
	2025-07-31 05:45	coredns-844d8f59bb-mt26b	cpu_avg	0.0011082598155072
	2025-07-31 05:45	prometheus-prometheus-node-exporter-htv66	net_transmit	13699.372325367382
	2025-07-31 05:45	ebs-csi-node-gmw2z	net_transmit	46.85612206151402
	2025-07-31 05:45	prometheus-prometheus-node-exporter-q2lg7	net_transmit	23956.04929983561
	2025-07-31 05:45	ebs-csi-controller-76d8884b66-j8wzm	net_transmit	592.0009309641899
	2025-07-31 05:45	ebs-csi-controller-76d8884b66-j8wzm	net_receive	684.6077912072037
	2025-07-31 05:45	kube-proxy-2mgjw	net_receive	22585.15935619672
	2025-07-31 05:45	boards-7549648968-rxqtg	net_receive	71.18799187035442
	2025-07-31 05:45	grafana-58f7855dcb-drbv8	net_receive	187.0195215947376
	2025-07-31 05:45	cert-manager-58dd99f969-gz6bc	net_receive	158.9701403863012
	2025-07-31 05:45	frontend-665fb7799d-8vhc6	net_receive	71.00069793232197
	2025-07-31 05:45	prometheus-kube-state-metrics-57d654d7bf-g92qr	net_receive	3058.31771671172
	2025-07-31 05:45	kube-proxy-2mgjw	cpu_avg	0.0002460321065194
	2025-07-31 05:45	prometheus-prometheus-node-exporter-htv66	net_receive	12523.970073001738
	2025-07-31 05:45	coredns-844d8f59bb-j58mx	net_receive	125.45216059440789
	2025-07-31 05:45	aws-node-t8fzj	net_receive	12591.15127608843
	2025-07-31 05:45	coredns-844d8f59bb-mt26b	net_receive	126.56754645253264
	2025-07-31 05:45	kube-proxy-sct9q	net_receive	12409.642779946083
	2025-07-31 05:45	ebs-csi-controller-76d8884b66-ktczg	net_receive	579.6824272984735
	2025-07-31 05:45	prometheus-server-7b84b7964c-6fqjr	net_transmit	879.5301462132412
	2025-07-31 05:45	prometheus-alertmanager-0	net_receive	105.5123247219802
	2025-07-31 05:45	prometheus-prometheus-pushgateway-784c485d55-kczqb	net_receive	106.63517212562569
	2025-07-31 05:45	ebs-csi-node-gmw2z	net_receive	45.13013911422554
	2025-07-31 05:45	cert-manager-cainjector-55cd9f77b5-98r24	net_transmit	153.2507876552144
	2025-07-31 05:45	ebs-csi-node-fltgc	net_receive	45.31529022428283
	2025-07-31 05:45	prometheus-alertmanager-0	net_transmit	471.9190341091992
	2025-07-31 05:45	aws-node-t8fzj	pod_pending	1.0
	2025-07-31 05:45	cert-manager-cainjector-55cd9f77b5-98r24	memory_usage	13176832.0
	2025-07-31 05:45	cert-manager-webhook-7987476d56-qnxmd	memory_usage	13197312.0
	2025-07-31 05:45	ebs-csi-controller-76d8884b66-j8wzm	memory_usage	56340480.0
	2025-07-31 05:45	coredns-844d8f59bb-j58mx	cpu_usage	0.0011401774702618
	2025-07-31 05:45	ebs-csi-node-gmw2z	memory_usage	19468288.0
	2025-07-31 05:45	kube-proxy-sct9q	net_transmit	13561.523497241014
	2025-07-31 05:45	prometheus-prometheus-node-exporter-htv66	cpu_usage	0.0004316580023172
	2025-07-31 05:45	kube-proxy-2mgjw	memory_usage	12804096.0
	2025-07-31 05:45	prometheus-prometheus-pushgateway-784c485d55-kczqb	memory_usage	8822784.0
	2025-07-31 05:45	users-758478f69-v748v	memory_usage	3153920.0
	2025-07-31 05:45	prometheus-alertmanager-0	memory_usage	15237120.0
	2025-07-31 05:45	ebs-csi-node-fltgc	cpu_usage	0.0006088182101012
	2025-07-31 05:45	aws-node-t8fzj	memory_usage	79073280.0
	2025-07-31 05:45	ebs-csi-node-gmw2z	pod_restart	0.0
	2025-07-31 05:45	ebs-csi-controller-76d8884b66-ktczg	cpu_usage	0.0027831917041093
	2025-07-31 05:45	coredns-844d8f59bb-j58mx	memory_usage	15941632.0
	2025-07-31 05:45	prometheus-server-7b84b7964c-6fqjr	memory_usage	249487360.0
	2025-07-31 05:45	aws-load-balancer-controller-699649575d-fk44d	memory_usage	29229056.0
	2025-07-31 05:45	users-758478f69-v748v	cpu_usage	2.83113719284e-05
	2025-07-31 05:45	kube-proxy-sct9q	cpu_usage	0.0002647723540256
	2025-07-31 05:45	aws-node-xqbqv	memory_usage	79822848.0
	2025-07-31 05:45	grafana-58f7855dcb-drbv8	pod_restart	0.0
	2025-07-31 05:45	ebs-csi-controller-76d8884b66-j8wzm	cpu_usage	0.0067757801019329
	2025-07-31 05:45	ebs-csi-node-gmw2z	cpu_usage	0.0005731654654925
	2025-07-31 05:45	frontend-665fb7799d-8vhc6	cpu_usage	2.84837265121e-05
	2025-07-31 05:45	kube-proxy-2mgjw	cpu_usage	0.0002460321065194
	2025-07-31 05:45	prometheus-prometheus-node-exporter-q2lg7	cpu_usage	0.0004069135913007
	2025-07-31 05:45	prometheus-alertmanager-0	cpu_usage	0.0010485159243697
	2025-07-31 05:45	prometheus-prometheus-node-exporter-htv66	pod_restart	0.0
	2025-07-31 05:45	cert-manager-58dd99f969-gz6bc	memory_usage	22425600.0
	2025-07-31 05:45	cert-manager-58dd99f969-gz6bc	cpu_usage	0.0007509977481816
	2025-07-31 05:45	coredns-844d8f59bb-mt26b	cpu_usage	0.0011082598155072
	2025-07-31 05:45	boards-7549648968-rxqtg	memory_usage	3211264.0
	2025-07-31 05:45	aws-node-xqbqv	cpu_usage	0.0032735687186509
	2025-07-31 05:45	prometheus-server-7b84b7964c-6fqjr	cpu_usage	0.0059739069276196
	2025-07-31 05:45	prometheus-prometheus-pushgateway-784c485d55-kczqb	cpu_usage	0.0001190051306738
	2025-07-31 05:45	cert-manager-cainjector-55cd9f77b5-98r24	cpu_usage	0.0007403306796042
	2025-07-31 05:45	prometheus-prometheus-node-exporter-q2lg7	memory_usage	9383936.0
	2025-07-31 05:45	aws-load-balancer-controller-699649575d-fk44d	cpu_usage	0.0022730607751337
	2025-07-31 05:45	boards-7549648968-rxqtg	cpu_usage	2.82233697023e-05
	2025-07-31 05:45	cert-manager-webhook-7987476d56-qnxmd	pod_restart	0.0
	2025-07-31 05:45	frontend-665fb7799d-8vhc6	memory_usage	3207168.0
	2025-07-31 05:45	aws-node-xqbqv	pod_pending	1.0
	2025-07-31 05:45	aws-load-balancer-controller-699649575d-fk44d	pod_pending	1.0
	2025-07-31 05:45	cert-manager-58dd99f969-gz6bc	pod_pending	1.0
	2025-07-31 05:45	prometheus-server-7b84b7964c-6fqjr	pod_pending	1.0
	2025-07-31 05:45	ebs-csi-node-fltgc	pod_restart	0.0
	2025-07-31 05:45	prometheus-prometheus-pushgateway-784c485d55-kczqb	pod_pending	1.0
	2025-07-31 05:45	frontend-665fb7799d-8vhc6	pod_restart	0.0
	2025-07-31 05:45	prometheus-kube-state-metrics-57d654d7bf-g92qr	pod_restart	0.0
	2025-07-31 05:45	kube-proxy-2mgjw	pod_pending	1.0
	2025-07-31 05:45	prometheus-alertmanager-0	pod_restart	0.0
	2025-07-31 05:45	ebs-csi-controller-76d8884b66-j8wzm	pod_restart	0.0
	2025-07-31 05:45	users-758478f69-v748v	pod_restart	0.0
	2025-07-31 05:45	boards-7549648968-rxqtg	pod_pending	1.0
	2025-07-31 05:45	prometheus-prometheus-node-exporter-q2lg7	pod_pending	1.0
	2025-07-31 05:45	ebs-csi-controller-76d8884b66-ktczg	pod_pending	1.0
	2025-07-31 05:45	ebs-csi-controller-76d8884b66-ktczg	net_transmit	325.44726117289497
	2025-07-31 05:45	kube-proxy-sct9q	pod_pending	1.0
	2025-07-31 05:45	cert-manager-cainjector-55cd9f77b5-98r24	pod_pending	1.0
	2025-07-31 05:45	coredns-844d8f59bb-mt26b	pod_pending	1.0
	2025-07-31 05:45	ebs-csi-node-fltgc	memory_usage	19931136.0
	2025-07-31 05:45	aws-node-t8fzj	cpu_usage	0.0032102195501025
	2025-07-31 05:45	cert-manager-webhook-7987476d56-qnxmd	cpu_usage	0.0003202918899263
	2025-07-31 05:45	prometheus-prometheus-node-exporter-htv66	memory_usage	8802304.0
	2025-07-31 05:45	ebs-csi-node-fltgc	pod_pending	1.0
	2025-07-31 05:45	cert-manager-webhook-7987476d56-qnxmd	pod_pending	1.0
	2025-07-31 05:45	aws-node-t8fzj	pod_restart	0.0
	2025-07-31 05:45	prometheus-kube-state-metrics-57d654d7bf-g92qr	pod_pending	1.0
	2025-07-31 05:45	prometheus-kube-state-metrics-57d654d7bf-g92qr	memory_usage	16670720.0
	2025-07-31 05:45	kube-proxy-sct9q	memory_usage	13430784.0
	2025-07-31 05:45	frontend-665fb7799d-8vhc6	pod_pending	1.0
	2025-07-31 05:45	prometheus-prometheus-node-exporter-htv66	pod_pending	1.0
	2025-07-31 05:45	prometheus-alertmanager-0	pod_pending	1.0
	2025-07-31 05:45	grafana-58f7855dcb-drbv8	pod_pending	1.0
	2025-07-31 05:45	prometheus-kube-state-metrics-57d654d7bf-g92qr	cpu_usage	0.0016668459473919
	2025-07-31 05:45	coredns-844d8f59bb-j58mx	pod_pending	1.0
	2025-07-31 05:45	grafana-58f7855dcb-drbv8	memory_usage	116154368.0
	2025-07-31 05:45	ebs-csi-node-gmw2z	pod_pending	1.0
	2025-07-31 05:45	users-758478f69-v748v	pod_pending	1.0
	2025-07-31 05:45	ebs-csi-controller-76d8884b66-j8wzm	pod_pending	1.0
	2025-07-31 05:45	coredns-844d8f59bb-mt26b	memory_usage	16150528.0
	2025-07-31 05:45	grafana-58f7855dcb-drbv8	cpu_usage	0.0034649925817994
	2025-07-31 05:50	prometheus-server-7b84b7964c-6fqjr	cpu_usage	0.0061149879065341
	2025-07-31 05:50	ebs-csi-controller-76d8884b66-j8wzm	cpu_usage	0.0066291130769414
	2025-07-31 05:50	ebs-csi-node-gmw2z	cpu_usage	0.0004858278600879
	2025-07-31 05:50	coredns-844d8f59bb-j58mx	memory_usage	16625664.0
	2025-07-31 05:50	cert-manager-cainjector-55cd9f77b5-98r24	cpu_usage	0.0007284452496225
	2025-07-31 05:50	kube-proxy-2mgjw	cpu_usage	0.0002202663285546
	2025-07-31 05:50	cert-manager-webhook-7987476d56-qnxmd	cpu_usage	0.0003349819227059
	2025-07-31 05:50	frontend-665fb7799d-8vhc6	cpu_usage	3.0257239321e-05
	2025-07-31 05:50	aws-load-balancer-controller-699649575d-fk44d	cpu_usage	0.0023020461597046
	2025-07-31 05:50	prometheus-prometheus-pushgateway-784c485d55-kczqb	cpu_usage	8.18549777777e-05
	2025-07-31 05:50	prometheus-alertmanager-0	cpu_usage	0.0010268075338385
	2025-07-31 05:50	aws-node-t8fzj	cpu_usage	0.0032831076469135
	2025-07-31 05:50	cert-manager-58dd99f969-gz6bc	cpu_usage	0.0007166421316184
	2025-07-31 05:50	coredns-844d8f59bb-j58mx	cpu_usage	0.0010751356263014
	2025-07-31 05:50	ebs-csi-controller-76d8884b66-ktczg	cpu_usage	0.0028015015175226
	2025-07-31 05:50	cert-manager-58dd99f969-gz6bc	memory_usage	22433792.0
	2025-07-31 05:50	aws-node-xqbqv	cpu_usage	0.0032229803759851
	2025-07-31 05:50	boards-7549648968-rxqtg	cpu_usage	2.91642394261e-05
	2025-07-31 05:50	ebs-csi-node-fltgc	cpu_usage	0.000520133744348
	2025-07-31 05:50	prometheus-server-7b84b7964c-6fqjr	memory_usage	251150336.0
	2025-07-31 05:50	prometheus-prometheus-pushgateway-784c485d55-kczqb	memory_usage	8884224.0
	2025-07-31 05:50	prometheus-alertmanager-0	pod_restart	0.0
	2025-07-31 05:50	prometheus-kube-state-metrics-57d654d7bf-g92qr	cpu_usage	0.0016310863606439
	2025-07-31 05:50	aws-node-xqbqv	memory_usage	79888384.0
	2025-07-31 05:50	aws-load-balancer-controller-699649575d-fk44d	memory_usage	29229056.0
	2025-07-31 05:50	cert-manager-cainjector-55cd9f77b5-98r24	memory_usage	13828096.0
	2025-07-31 05:50	cert-manager-webhook-7987476d56-qnxmd	memory_usage	12853248.0
	2025-07-31 05:50	ebs-csi-controller-76d8884b66-j8wzm	memory_usage	56369152.0
	2025-07-31 05:50	ebs-csi-node-gmw2z	memory_usage	19447808.0
	2025-07-31 05:50	coredns-844d8f59bb-mt26b	memory_usage	16924672.0
	2025-07-31 05:50	frontend-665fb7799d-8vhc6	memory_usage	3207168.0
	2025-07-31 05:50	prometheus-prometheus-node-exporter-q2lg7	memory_usage	9547776.0
	2025-07-31 05:50	users-758478f69-v748v	cpu_usage	1.97129911111e-05
	2025-07-31 05:50	users-758478f69-v748v	memory_usage	3153920.0
	2025-07-31 05:50	prometheus-alertmanager-0	memory_usage	15237120.0
	2025-07-31 05:50	aws-node-t8fzj	memory_usage	79126528.0
	2025-07-31 05:50	grafana-58f7855dcb-drbv8	cpu_usage	0.0027525603066696
	2025-07-31 05:50	boards-7549648968-rxqtg	memory_usage	3211264.0
	2025-07-31 05:50	coredns-844d8f59bb-mt26b	cpu_usage	0.0009652036758547
	2025-07-31 05:50	kube-proxy-2mgjw	memory_usage	12804096.0
	2025-07-31 05:50	ebs-csi-controller-76d8884b66-ktczg	net_transmit	332.83601313784
	2025-07-31 05:50	prometheus-prometheus-node-exporter-q2lg7	cpu_usage	0.000380764187605
	2025-07-31 05:50	kube-proxy-sct9q	memory_usage	13430784.0
	2025-07-31 05:50	kube-proxy-sct9q	net_transmit	11845.285267217716
	2025-07-31 05:50	cert-manager-webhook-7987476d56-qnxmd	pod_pending	1.0
	2025-07-31 05:50	aws-node-t8fzj	pod_restart	0.0
	2025-07-31 05:50	frontend-665fb7799d-8vhc6	pod_pending	1.0
	2025-07-31 05:50	prometheus-kube-state-metrics-57d654d7bf-g92qr	pod_pending	1.0
	2025-07-31 05:50	prometheus-prometheus-node-exporter-htv66	pod_pending	1.0
	2025-07-31 05:50	prometheus-kube-state-metrics-57d654d7bf-g92qr	memory_usage	16674816.0
	2025-07-31 05:50	users-758478f69-v748v	pod_pending	1.0
	2025-07-31 05:50	prometheus-alertmanager-0	pod_pending	1.0
	2025-07-31 05:50	aws-node-t8fzj	pod_pending	1.0
	2025-07-31 05:50	coredns-844d8f59bb-j58mx	pod_pending	1.0
	2025-07-31 05:50	grafana-58f7855dcb-drbv8	pod_pending	1.0
	2025-07-31 05:50	kube-proxy-sct9q	cpu_usage	0.0002172265147209
	2025-07-31 05:50	grafana-58f7855dcb-drbv8	memory_usage	116199424.0
	2025-07-31 05:50	ebs-csi-node-fltgc	memory_usage	19968000.0
	2025-07-31 05:50	cert-manager-cainjector-55cd9f77b5-98r24	pod_pending	1.0
	2025-07-31 05:50	ebs-csi-controller-76d8884b66-j8wzm	pod_pending	1.0
	2025-07-31 05:50	prometheus-prometheus-node-exporter-htv66	memory_usage	9084928.0
	2025-07-31 05:50	ebs-csi-node-fltgc	pod_pending	1.0
	2025-07-31 05:50	kube-proxy-2mgjw	pod_pending	1.0
	2025-07-31 05:50	prometheus-prometheus-pushgateway-784c485d55-kczqb	pod_pending	1.0
	2025-07-31 05:50	coredns-844d8f59bb-mt26b	pod_pending	1.0
	2025-07-31 05:50	aws-load-balancer-controller-699649575d-fk44d	pod_pending	1.0
	2025-07-31 05:50	cert-manager-58dd99f969-gz6bc	pod_pending	1.0
	2025-07-31 05:50	prometheus-server-7b84b7964c-6fqjr	pod_pending	1.0
	2025-07-31 05:50	ebs-csi-node-fltgc	pod_restart	0.0
	2025-07-31 05:50	cert-manager-webhook-7987476d56-qnxmd	pod_restart	0.0
	2025-07-31 05:50	frontend-665fb7799d-8vhc6	pod_restart	0.0
	2025-07-31 05:50	kube-proxy-sct9q	pod_pending	1.0
	2025-07-31 05:50	prometheus-prometheus-node-exporter-htv66	cpu_usage	0.00042825029654
	2025-07-31 05:50	prometheus-kube-state-metrics-57d654d7bf-g92qr	pod_restart	0.0
	2025-07-31 05:50	users-758478f69-v748v	pod_restart	0.0
	2025-07-31 05:50	boards-7549648968-rxqtg	pod_pending	1.0
	2025-07-31 05:50	prometheus-prometheus-node-exporter-q2lg7	pod_pending	1.0
	2025-07-31 05:50	ebs-csi-controller-76d8884b66-ktczg	pod_pending	1.0
	2025-07-31 05:50	grafana-58f7855dcb-drbv8	pod_restart	0.0
	2025-07-31 05:50	aws-node-xqbqv	pod_pending	1.0
	2025-07-31 05:50	ebs-csi-node-gmw2z	pod_pending	1.0
	2025-07-31 05:50	prometheus-prometheus-node-exporter-htv66	pod_restart	0.0
	2025-07-31 05:50	ebs-csi-controller-76d8884b66-j8wzm	pod_restart	0.0
	2025-07-31 05:50	ebs-csi-node-gmw2z	pod_restart	0.0
	2025-07-31 05:50	aws-node-xqbqv	net_receive	20103.561797892096
	2025-07-31 05:50	prometheus-prometheus-node-exporter-q2lg7	net_receive	23879.658114236783
	2025-07-31 05:50	prometheus-prometheus-pushgateway-784c485d55-kczqb	pod_restart	0.0
	2025-07-31 05:50	kube-proxy-2mgjw	pod_restart	0.0
	2025-07-31 05:50	kube-proxy-sct9q	pod_restart	0.0
	2025-07-31 05:50	aws-node-xqbqv	pod_restart	0.0
	2025-07-31 05:50	coredns-844d8f59bb-mt26b	pod_restart	0.0
	2025-07-31 05:50	prometheus-prometheus-node-exporter-q2lg7	cpu_avg	0.000380764187605
	2025-07-31 05:50	aws-load-balancer-controller-699649575d-fk44d	pod_restart	0.0
	2025-07-31 05:50	ebs-csi-controller-76d8884b66-ktczg	pod_restart	0.0
	2025-07-31 05:50	cert-manager-cainjector-55cd9f77b5-98r24	cpu_avg	0.0007284452496225
	2025-07-31 05:50	prometheus-server-7b84b7964c-6fqjr	pod_restart	0.0
	2025-07-31 05:50	cert-manager-webhook-7987476d56-qnxmd	cpu_avg	0.0003349819227059
	2025-07-31 05:50	grafana-58f7855dcb-drbv8	cpu_avg	0.0027522527724479
	2025-07-31 05:50	ebs-csi-node-gmw2z	cpu_avg	0.0001619297895843
	2025-07-31 05:50	frontend-665fb7799d-8vhc6	cpu_avg	3.0257239321e-05
	2025-07-31 05:50	cert-manager-58dd99f969-gz6bc	pod_restart	0.0
	2025-07-31 05:50	ebs-csi-controller-76d8884b66-ktczg	memory_usage	54599680.0
	2025-07-31 05:50	aws-load-balancer-controller-699649575d-fk44d	net_receive	2711.1360582034854
	2025-07-31 05:50	ebs-csi-controller-76d8884b66-j8wzm	cpu_avg	0.0011048299908803
	2025-07-31 05:50	cert-manager-cainjector-55cd9f77b5-98r24	net_transmit	133.7239171036205
	2025-07-31 05:50	cert-manager-58dd99f969-gz6bc	cpu_avg	0.0007166421316184
	2025-07-31 05:50	prometheus-prometheus-pushgateway-784c485d55-kczqb	cpu_avg	8.18549777777e-05
	2025-07-31 05:50	ebs-csi-controller-76d8884b66-ktczg	net_receive	598.7753042955585
	2025-07-31 05:50	users-758478f69-v748v	net_receive	59.55639317235735
	2025-07-31 05:50	ebs-csi-node-fltgc	cpu_avg	0.0001733779147826
	2025-07-31 05:50	coredns-844d8f59bb-mt26b	cpu_avg	0.0009650972753773
	2025-07-31 05:50	prometheus-alertmanager-0	cpu_avg	0.0010268075338385
	2025-07-31 05:50	coredns-844d8f59bb-j58mx	cpu_avg	0.0010751356263014
	2025-07-31 05:50	users-758478f69-v748v	cpu_avg	1.97129911111e-05
	2025-07-31 05:50	aws-node-t8fzj	cpu_avg	0.0016415538234567
	2025-07-31 05:50	aws-node-xqbqv	cpu_avg	0.0016114709555813
	2025-07-31 05:50	kube-proxy-sct9q	cpu_avg	0.0002172265147209
	2025-07-31 05:50	prometheus-kube-state-metrics-57d654d7bf-g92qr	cpu_avg	0.0016310863606439
	2025-07-31 05:50	prometheus-server-7b84b7964c-6fqjr	net_receive	13181.464098769866
	2025-07-31 05:50	cert-manager-cainjector-55cd9f77b5-98r24	net_receive	96.34768781331027
	2025-07-31 05:50	cert-manager-webhook-7987476d56-qnxmd	net_receive	155.86691518306662
	2025-07-31 05:50	ebs-csi-controller-76d8884b66-ktczg	cpu_avg	0.0004669169195871
	2025-07-31 05:50	prometheus-server-7b84b7964c-6fqjr	cpu_avg	0.0030574891566302
	2025-07-31 05:50	boards-7549648968-rxqtg	cpu_avg	2.91642394261e-05
	2025-07-31 05:50	prometheus-prometheus-node-exporter-htv66	cpu_avg	0.00042825029654
	2025-07-31 05:50	aws-load-balancer-controller-699649575d-fk44d	cpu_avg	0.0023020461597046
	2025-07-31 05:50	kube-proxy-2mgjw	cpu_avg	0.0002202419356564
	2025-07-31 05:50	coredns-844d8f59bb-j58mx	net_receive	119.42804550429504
	2025-07-31 05:50	ebs-csi-node-fltgc	net_receive	40.78541987048891
	2025-07-31 05:50	kube-proxy-2mgjw	net_receive	23395.22036210733
	2025-07-31 05:50	boards-7549648968-rxqtg	net_receive	75.6105503093455
	2025-07-31 05:50	grafana-58f7855dcb-drbv8	net_receive	135.45727468956255
	2025-07-31 05:50	cert-manager-58dd99f969-gz6bc	net_receive	161.9295169542793
	2025-07-31 05:50	prometheus-kube-state-metrics-57d654d7bf-g92qr	net_receive	3082.4093753847965
	2025-07-31 05:50	prometheus-prometheus-node-exporter-htv66	net_receive	12723.038058558
	2025-07-31 05:50	frontend-665fb7799d-8vhc6	net_transmit	162.84944689976203
	2025-07-31 05:50	cert-manager-webhook-7987476d56-qnxmd	net_transmit	187.27424641686488
	2025-07-31 05:50	coredns-844d8f59bb-mt26b	net_receive	121.86701621386946
	2025-07-31 05:50	kube-proxy-sct9q	net_receive	10838.029333705845
	2025-07-31 05:50	prometheus-server-7b84b7964c-6fqjr	net_transmit	719.1362769580836
	2025-07-31 05:50	prometheus-alertmanager-0	net_receive	102.60076097605432
	2025-07-31 05:50	frontend-665fb7799d-8vhc6	net_receive	73.29689583932635
	2025-07-31 05:50	ebs-csi-controller-76d8884b66-j8wzm	net_receive	684.4808077291322
	2025-07-31 05:50	prometheus-prometheus-pushgateway-784c485d55-kczqb	net_receive	107.38885584198266
	2025-07-31 05:50	aws-node-t8fzj	net_transmit	13794.364407256206
	2025-07-31 05:50	prometheus-prometheus-node-exporter-q2lg7	pod_restart	0.0
	2025-07-31 05:50	coredns-844d8f59bb-j58mx	pod_restart	0.0
	2025-07-31 05:50	aws-load-balancer-controller-699649575d-fk44d	net_transmit	1358.8657228749844
	2025-07-31 05:50	users-758478f69-v748v	net_transmit	132.05010894631582
	2025-07-31 05:50	ebs-csi-node-gmw2z	net_receive	46.4094358695026
	2025-07-31 05:50	aws-node-xqbqv	net_transmit	21149.408381538964
	2025-07-31 05:50	kube-proxy-2mgjw	net_transmit	24619.58600328782
	2025-07-31 05:50	boards-7549648968-rxqtg	net_transmit	168.03429935960057
	2025-07-31 05:50	grafana-58f7855dcb-drbv8	net_transmit	193.06946789704423
	2025-07-31 05:50	cert-manager-58dd99f969-gz6bc	net_transmit	176.4742071426374
	2025-07-31 05:50	prometheus-prometheus-node-exporter-htv66	net_transmit	13708.584917381044
	2025-07-31 05:50	prometheus-alertmanager-0	net_transmit	466.7414731949602
	2025-07-31 05:50	prometheus-kube-state-metrics-57d654d7bf-g92qr	net_transmit	6263.374860134806
	2025-07-31 05:50	prometheus-prometheus-pushgateway-784c485d55-kczqb	net_transmit	142.2567392524975
	2025-07-31 05:50	prometheus-prometheus-node-exporter-q2lg7	net_transmit	25030.816233759368
	2025-07-31 05:50	boards-7549648968-rxqtg	pod_restart	0.0
	2025-07-31 05:50	ebs-csi-node-fltgc	net_transmit	40.96493247511059
	2025-07-31 05:50	aws-node-t8fzj	net_receive	12597.680983389002
	2025-07-31 05:50	coredns-844d8f59bb-j58mx	net_transmit	183.72939537660443
	2025-07-31 05:50	ebs-csi-controller-76d8884b66-j8wzm	net_transmit	582.8888087570305
	2025-07-31 05:50	coredns-844d8f59bb-mt26b	net_transmit	187.32362616260625
	2025-07-31 05:50	cert-manager-cainjector-55cd9f77b5-98r24	pod_restart	0.0
	2025-07-31 05:50	ebs-csi-node-gmw2z	net_transmit	45.54001183673683
	2025-07-31 05:55	prometheus-prometheus-node-exporter-htv66	cpu_avg	0.0004111086018776
	2025-07-31 05:55	ebs-csi-controller-76d8884b66-ktczg	cpu_avg	0.0004312568806833
	2025-07-31 05:55	boards-7549648968-rxqtg	cpu_avg	2.75522014382e-05
	2025-07-31 05:55	users-758478f69-v748v	cpu_avg	2.87385682379e-05
	2025-07-31 05:55	cert-manager-58dd99f969-gz6bc	cpu_avg	0.0007634518717595
	2025-07-31 05:55	grafana-58f7855dcb-drbv8	cpu_avg	0.0033269938539727
	2025-07-31 05:55	coredns-844d8f59bb-j58mx	cpu_avg	0.0011571152741052
	2025-07-31 05:55	prometheus-kube-state-metrics-57d654d7bf-g92qr	cpu_avg	0.0016991594630422
	2025-07-31 05:55	prometheus-prometheus-pushgateway-784c485d55-kczqb	pod_restart	0.0
	2025-07-31 05:55	cert-manager-cainjector-55cd9f77b5-98r24	net_receive	91.18080550483984
	2025-07-31 05:55	cert-manager-webhook-7987476d56-qnxmd	net_receive	158.68356825683537
	2025-07-31 05:55	aws-load-balancer-controller-699649575d-fk44d	net_receive	2704.9357659024
	2025-07-31 05:55	prometheus-prometheus-pushgateway-784c485d55-kczqb	cpu_avg	0.0001017972837336
	2025-07-31 05:55	ebs-csi-node-fltgc	cpu_avg	0.0001748140666441
	2025-07-31 05:55	prometheus-alertmanager-0	cpu_avg	0.0010164361679968
	2025-07-31 05:55	kube-proxy-sct9q	cpu_avg	0.0002689457865952
	2025-07-31 05:55	aws-node-t8fzj	cpu_avg	0.0015509025521277
	2025-07-31 05:55	prometheus-server-7b84b7964c-6fqjr	net_receive	15735.925048925796
	2025-07-31 05:55	coredns-844d8f59bb-mt26b	memory_usage	16142336.0
	2025-07-31 05:55	cert-manager-webhook-7987476d56-qnxmd	cpu_avg	0.0003077820248788
	2025-07-31 05:55	aws-load-balancer-controller-699649575d-fk44d	cpu_avg	0.0022508817817416
	2025-07-31 05:55	kube-proxy-2mgjw	pod_restart	0.0
	2025-07-31 05:55	kube-proxy-sct9q	pod_restart	0.0
	2025-07-31 05:55	aws-node-xqbqv	pod_restart	0.0
	2025-07-31 05:55	coredns-844d8f59bb-mt26b	pod_restart	0.0
	2025-07-31 05:55	aws-load-balancer-controller-699649575d-fk44d	pod_restart	0.0
	2025-07-31 05:55	cert-manager-58dd99f969-gz6bc	pod_restart	0.0
	2025-07-31 05:55	prometheus-server-7b84b7964c-6fqjr	pod_restart	0.0
	2025-07-31 05:55	prometheus-server-7b84b7964c-6fqjr	cpu_avg	0.0027023839112723
	2025-07-31 05:55	aws-node-xqbqv	cpu_avg	0.0013925340443983
	2025-07-31 05:55	cert-manager-cainjector-55cd9f77b5-98r24	cpu_avg	0.0007150954377644
	2025-07-31 05:55	ebs-csi-controller-76d8884b66-j8wzm	cpu_avg	0.0010259346004721
	2025-07-31 05:55	ebs-csi-node-gmw2z	cpu_avg	0.0001708627915949
	2025-07-31 05:55	frontend-665fb7799d-8vhc6	cpu_avg	1.97579866666e-05
	2025-07-31 05:55	prometheus-prometheus-node-exporter-q2lg7	cpu_avg	0.0003580739460377
	2025-07-31 05:55	prometheus-prometheus-node-exporter-q2lg7	pod_restart	0.0
	2025-07-31 05:55	kube-proxy-2mgjw	cpu_avg	0.000226926684761
	2025-07-31 05:55	coredns-844d8f59bb-mt26b	net_transmit	188.4674525884162
	2025-07-31 05:55	ebs-csi-controller-76d8884b66-ktczg	pod_restart	0.0
	2025-07-31 05:55	coredns-844d8f59bb-mt26b	cpu_avg	0.000976778949974
	2025-07-31 05:55	coredns-844d8f59bb-j58mx	net_receive	127.8626912646064
	2025-07-31 05:55	ebs-csi-controller-76d8884b66-j8wzm	net_receive	679.5868656017982
	2025-07-31 05:55	ebs-csi-node-gmw2z	net_transmit	40.84532430799296
	2025-07-31 05:55	aws-node-xqbqv	net_transmit	24695.46141692904
	2025-07-31 05:55	kube-proxy-2mgjw	net_transmit	21096.698299509088
	2025-07-31 05:55	boards-7549648968-rxqtg	net_transmit	131.5254340647383
	2025-07-31 05:55	grafana-58f7855dcb-drbv8	net_transmit	247.01020096381149
	2025-07-31 05:55	prometheus-prometheus-node-exporter-q2lg7	net_transmit	24661.92100801641
	2025-07-31 05:55	prometheus-kube-state-metrics-57d654d7bf-g92qr	net_transmit	6581.522084054377
	2025-07-31 05:55	cert-manager-58dd99f969-gz6bc	net_transmit	138.64
	2025-07-31 05:55	ebs-csi-controller-76d8884b66-j8wzm	net_transmit	585.0063298807977
	2025-07-31 05:55	aws-node-t8fzj	net_transmit	13752.58999219265
	2025-07-31 05:55	coredns-844d8f59bb-j58mx	net_transmit	199.1956004955302
	2025-07-31 05:55	users-758478f69-v748v	net_transmit	156.2000904844187
	2025-07-31 05:55	prometheus-prometheus-node-exporter-htv66	net_transmit	13759.221770965622
	2025-07-31 05:55	prometheus-alertmanager-0	net_transmit	470.9783483940234
	2025-07-31 05:55	ebs-csi-node-fltgc	net_transmit	46.52550284776736
	2025-07-31 05:55	boards-7549648968-rxqtg	pod_restart	0.0
	2025-07-31 05:55	prometheus-prometheus-pushgateway-784c485d55-kczqb	net_transmit	143.24411996410683
	2025-07-31 05:55	cert-manager-webhook-7987476d56-qnxmd	net_transmit	183.9983227429604
	2025-07-31 05:55	frontend-665fb7799d-8vhc6	net_transmit	153.1414454637862
	2025-07-31 05:55	prometheus-prometheus-node-exporter-htv66	net_receive	12834.81074465722
	2025-07-31 05:55	aws-load-balancer-controller-699649575d-fk44d	net_transmit	1353.0087429743955
	2025-07-31 05:55	aws-node-xqbqv	net_receive	23433.160185953468
	2025-07-31 05:55	kube-proxy-2mgjw	net_receive	19942.22990821349
	2025-07-31 05:55	boards-7549648968-rxqtg	net_receive	59.19259275029095
	2025-07-31 05:55	grafana-58f7855dcb-drbv8	net_receive	199.4682419284807
	2025-07-31 05:55	prometheus-prometheus-node-exporter-q2lg7	net_receive	23391.92079871068
	2025-07-31 05:55	prometheus-kube-state-metrics-57d654d7bf-g92qr	net_receive	3128.2901835013768
	2025-07-31 05:55	cert-manager-cainjector-55cd9f77b5-98r24	net_transmit	129.1498531105937
	2025-07-31 05:55	frontend-665fb7799d-8vhc6	net_receive	68.73480101390908
	2025-07-31 05:55	users-758478f69-v748v	net_receive	70.15267882937147
	2025-07-31 05:55	ebs-csi-node-fltgc	net_receive	45.84049188206762
	2025-07-31 05:55	coredns-844d8f59bb-mt26b	net_receive	122.39876986160942
	2025-07-31 05:55	kube-proxy-sct9q	net_receive	11385.202681343137
	2025-07-31 05:55	ebs-csi-controller-76d8884b66-ktczg	net_receive	632.5283319761129
	2025-07-31 05:55	prometheus-server-7b84b7964c-6fqjr	net_transmit	854.8174338015074
	2025-07-31 05:55	prometheus-alertmanager-0	net_receive	104.31019056992038
	2025-07-31 05:55	prometheus-prometheus-pushgateway-784c485d55-kczqb	net_receive	108.59793319318705
	2025-07-31 05:55	cert-manager-58dd99f969-gz6bc	net_receive	123.06222222222222
	2025-07-31 05:55	ebs-csi-node-gmw2z	net_receive	42.46928620100024
	2025-07-31 05:55	aws-node-t8fzj	net_receive	12553.186894722565
	2025-07-31 05:55	coredns-844d8f59bb-j58mx	pod_restart	0.0
	2025-07-31 05:55	cert-manager-cainjector-55cd9f77b5-98r24	pod_restart	0.0
	2025-07-31 05:55	prometheus-alertmanager-0	pod_restart	0.0
	2025-07-31 05:55	aws-node-xqbqv	memory_usage	79949824.0
	2025-07-31 05:55	aws-load-balancer-controller-699649575d-fk44d	memory_usage	29229056.0
	2025-07-31 05:55	cert-manager-cainjector-55cd9f77b5-98r24	memory_usage	13856768.0
	2025-07-31 05:55	cert-manager-webhook-7987476d56-qnxmd	memory_usage	14438400.0
	2025-07-31 05:55	ebs-csi-controller-76d8884b66-j8wzm	memory_usage	56737792.0
	2025-07-31 05:55	coredns-844d8f59bb-j58mx	cpu_usage	0.0011571152741052
	2025-07-31 05:55	ebs-csi-node-gmw2z	memory_usage	19582976.0
	2025-07-31 05:55	ebs-csi-controller-76d8884b66-ktczg	cpu_usage	0.002587585358949
	2025-07-31 05:55	kube-proxy-2mgjw	memory_usage	12804096.0
	2025-07-31 05:55	prometheus-server-7b84b7964c-6fqjr	memory_usage	256413696.0
	2025-07-31 05:55	prometheus-prometheus-pushgateway-784c485d55-kczqb	memory_usage	8769536.0
	2025-07-31 05:55	users-758478f69-v748v	memory_usage	3153920.0
	2025-07-31 05:55	prometheus-alertmanager-0	memory_usage	15237120.0
	2025-07-31 05:55	ebs-csi-node-fltgc	cpu_usage	0.0005244617663634
	2025-07-31 05:55	aws-node-t8fzj	memory_usage	79147008.0
	2025-07-31 05:55	frontend-665fb7799d-8vhc6	memory_usage	3207168.0
	2025-07-31 05:55	boards-7549648968-rxqtg	memory_usage	3211264.0
	2025-07-31 05:55	cert-manager-cainjector-55cd9f77b5-98r24	pod_pending	1.0
	2025-07-31 05:55	cert-manager-58dd99f969-gz6bc	memory_usage	22470656.0
	2025-07-31 05:55	prometheus-prometheus-node-exporter-htv66	cpu_usage	0.0004111086018776
	2025-07-31 05:55	kube-proxy-sct9q	net_transmit	12237.593900426067
	2025-07-31 05:55	ebs-csi-controller-76d8884b66-j8wzm	cpu_usage	0.0061558321341997
	2025-07-31 05:55	kube-proxy-2mgjw	cpu_usage	0.000226926684761
	2025-07-31 05:55	aws-node-xqbqv	cpu_usage	0.0027853651622501
	2025-07-31 05:55	cert-manager-cainjector-55cd9f77b5-98r24	cpu_usage	0.0007150954377644
	2025-07-31 05:55	aws-load-balancer-controller-699649575d-fk44d	cpu_usage	0.0022508817817416
	2025-07-31 05:55	frontend-665fb7799d-8vhc6	cpu_usage	1.97579866666e-05
	2025-07-31 05:55	cert-manager-webhook-7987476d56-qnxmd	cpu_usage	0.0003077820248788
	2025-07-31 05:55	users-758478f69-v748v	cpu_usage	2.87385682379e-05
	2025-07-31 05:55	prometheus-prometheus-node-exporter-q2lg7	memory_usage	9162752.0
	2025-07-31 05:55	kube-proxy-sct9q	cpu_usage	0.0002689457865952
	2025-07-31 05:55	prometheus-alertmanager-0	cpu_usage	0.0010164361679968
	2025-07-31 05:55	aws-node-t8fzj	cpu_usage	0.0031018051042554
	2025-07-31 05:55	boards-7549648968-rxqtg	cpu_usage	2.75522014382e-05
	2025-07-31 05:55	cert-manager-58dd99f969-gz6bc	cpu_usage	0.0007634518717595
	2025-07-31 05:55	coredns-844d8f59bb-mt26b	cpu_usage	0.0009768827316525
	2025-07-31 05:55	prometheus-prometheus-node-exporter-q2lg7	cpu_usage	0.0003581122352088
	2025-07-31 05:55	ebs-csi-node-gmw2z	cpu_usage	0.0005125858952961
	2025-07-31 05:55	prometheus-server-7b84b7964c-6fqjr	cpu_usage	0.0054047678225447
	2025-07-31 05:55	prometheus-prometheus-pushgateway-784c485d55-kczqb	cpu_usage	0.0001018081732373
	2025-07-31 05:55	prometheus-kube-state-metrics-57d654d7bf-g92qr	cpu_usage	0.0016991594630422
	2025-07-31 05:55	coredns-844d8f59bb-j58mx	memory_usage	17305600.0
	2025-07-31 05:55	aws-node-xqbqv	pod_pending	1.0
	2025-07-31 05:55	aws-load-balancer-controller-699649575d-fk44d	pod_pending	1.0
	2025-07-31 05:55	cert-manager-58dd99f969-gz6bc	pod_pending	1.0
	2025-07-31 05:55	prometheus-server-7b84b7964c-6fqjr	pod_pending	1.0
	2025-07-31 05:55	ebs-csi-node-fltgc	pod_restart	0.0
	2025-07-31 05:55	cert-manager-webhook-7987476d56-qnxmd	pod_restart	0.0
	2025-07-31 05:55	prometheus-prometheus-pushgateway-784c485d55-kczqb	pod_pending	1.0
	2025-07-31 05:55	prometheus-kube-state-metrics-57d654d7bf-g92qr	memory_usage	16551936.0
	2025-07-31 05:55	frontend-665fb7799d-8vhc6	pod_restart	0.0
	2025-07-31 05:55	prometheus-prometheus-node-exporter-htv66	pod_restart	0.0
	2025-07-31 05:55	ebs-csi-controller-76d8884b66-j8wzm	pod_restart	0.0
	2025-07-31 05:55	users-758478f69-v748v	pod_restart	0.0
	2025-07-31 05:55	boards-7549648968-rxqtg	pod_pending	1.0
	2025-07-31 05:55	prometheus-prometheus-node-exporter-q2lg7	pod_pending	1.0
	2025-07-31 05:55	ebs-csi-controller-76d8884b66-ktczg	pod_pending	1.0
	2025-07-31 05:55	kube-proxy-2mgjw	pod_pending	1.0
	2025-07-31 05:55	prometheus-kube-state-metrics-57d654d7bf-g92qr	pod_restart	0.0
	2025-07-31 05:55	users-758478f69-v748v	pod_pending	1.0
	2025-07-31 05:55	coredns-844d8f59bb-mt26b	pod_pending	1.0
	2025-07-31 05:55	ebs-csi-controller-76d8884b66-ktczg	memory_usage	54431744.0
	2025-07-31 05:55	kube-proxy-sct9q	pod_pending	1.0
	2025-07-31 05:55	prometheus-kube-state-metrics-57d654d7bf-g92qr	pod_pending	1.0
	2025-07-31 05:55	grafana-58f7855dcb-drbv8	pod_restart	0.0
	2025-07-31 05:55	cert-manager-webhook-7987476d56-qnxmd	pod_pending	1.0
	2025-07-31 05:55	aws-node-t8fzj	pod_restart	0.0
	2025-07-31 05:55	frontend-665fb7799d-8vhc6	pod_pending	1.0
	2025-07-31 05:55	ebs-csi-node-fltgc	memory_usage	19968000.0
	2025-07-31 05:55	prometheus-alertmanager-0	pod_pending	1.0
	2025-07-31 05:55	ebs-csi-controller-76d8884b66-j8wzm	pod_pending	1.0
	2025-07-31 05:55	ebs-csi-node-gmw2z	pod_pending	1.0
	2025-07-31 05:55	aws-node-t8fzj	pod_pending	1.0
	2025-07-31 05:55	prometheus-prometheus-node-exporter-htv66	pod_pending	1.0
	2025-07-31 05:55	ebs-csi-node-fltgc	pod_pending	1.0
	2025-07-31 05:55	coredns-844d8f59bb-j58mx	pod_pending	1.0
	2025-07-31 05:55	ebs-csi-node-gmw2z	pod_restart	0.0
	2025-07-31 05:55	grafana-58f7855dcb-drbv8	memory_usage	116162560.0
	2025-07-31 05:55	kube-proxy-sct9q	memory_usage	13430784.0
	2025-07-31 05:55	prometheus-prometheus-node-exporter-htv66	memory_usage	9588736.0
	2025-07-31 05:55	ebs-csi-controller-76d8884b66-ktczg	net_transmit	327.5948357763301
	2025-07-31 05:55	grafana-58f7855dcb-drbv8	pod_pending	1.0
	2025-07-31 05:55	grafana-58f7855dcb-drbv8	cpu_usage	0.0033269938539727
	2025-07-31 06:00	ebs-csi-controller-76d8884b66-ktczg	net_transmit	235.4355555555556
	2025-07-31 06:00	ebs-csi-node-gmw2z	cpu_usage	0.0004589782842067
	2025-07-31 06:00	cert-manager-58dd99f969-gz6bc	memory_usage	22474752.0
	2025-07-31 06:00	cert-manager-webhook-7987476d56-qnxmd	cpu_usage	0.000277191119087
	2025-07-31 06:00	cert-manager-cainjector-55cd9f77b5-98r24	cpu_usage	0.0006611198787929
	2025-07-31 06:00	aws-load-balancer-controller-699649575d-fk44d	cpu_usage	0.0020098903444971
	2025-07-31 06:00	ebs-csi-controller-76d8884b66-j8wzm	cpu_usage	0.0062887976617497
	2025-07-31 06:00	prometheus-prometheus-node-exporter-q2lg7	cpu_usage	0.0003709110720364
	2025-07-31 06:00	boards-7549648968-rxqtg	memory_usage	3211264.0
	2025-07-31 06:00	users-758478f69-v748v	cpu_usage	2.85920656433e-05
	2025-07-31 06:00	prometheus-alertmanager-0	cpu_usage	0.0007884327688888
	2025-07-31 06:00	aws-node-t8fzj	cpu_usage	0.0023492763961567
	2025-07-31 06:00	boards-7549648968-rxqtg	cpu_usage	2.71597364462e-05
	2025-07-31 06:00	cert-manager-58dd99f969-gz6bc	cpu_usage	0.0007344439333137
	2025-07-31 06:00	coredns-844d8f59bb-mt26b	cpu_usage	0.0009579916419919
	2025-07-31 06:00	aws-node-xqbqv	cpu_usage	0.0032089212314205
	2025-07-31 06:00	kube-proxy-2mgjw	cpu_usage	0.0002553488627748
	2025-07-31 06:00	prometheus-prometheus-pushgateway-784c485d55-kczqb	cpu_usage	9.04373644444e-05
	2025-07-31 06:00	ebs-csi-node-gmw2z	pod_restart	0.0
	2025-07-31 06:00	prometheus-prometheus-node-exporter-htv66	cpu_usage	0.0004293409895659
	2025-07-31 06:00	kube-proxy-sct9q	net_transmit	12222.523327171091
	2025-07-31 06:00	grafana-58f7855dcb-drbv8	pod_pending	1.0
	2025-07-31 06:00	aws-node-xqbqv	memory_usage	80023552.0
	2025-07-31 06:00	aws-load-balancer-controller-699649575d-fk44d	memory_usage	29229056.0
	2025-07-31 06:00	cert-manager-cainjector-55cd9f77b5-98r24	memory_usage	13205504.0
	2025-07-31 06:00	cert-manager-webhook-7987476d56-qnxmd	memory_usage	13541376.0
	2025-07-31 06:00	ebs-csi-controller-76d8884b66-j8wzm	memory_usage	56422400.0
	2025-07-31 06:00	ebs-csi-node-gmw2z	memory_usage	19488768.0
	2025-07-31 06:00	frontend-665fb7799d-8vhc6	memory_usage	3207168.0
	2025-07-31 06:00	prometheus-server-7b84b7964c-6fqjr	cpu_usage	0.0052934271850651
	2025-07-31 06:00	prometheus-prometheus-node-exporter-q2lg7	memory_usage	9478144.0
	2025-07-31 06:00	prometheus-prometheus-pushgateway-784c485d55-kczqb	memory_usage	8912896.0
	2025-07-31 06:00	users-758478f69-v748v	memory_usage	3153920.0
	2025-07-31 06:00	prometheus-alertmanager-0	memory_usage	15237120.0
	2025-07-31 06:00	ebs-csi-node-fltgc	cpu_usage	0.0005249387378116
	2025-07-31 06:00	aws-node-t8fzj	memory_usage	79216640.0
	2025-07-31 06:00	coredns-844d8f59bb-j58mx	cpu_usage	0.0011288842200208
	2025-07-31 06:00	kube-proxy-sct9q	cpu_usage	0.0001900201675813
	2025-07-31 06:00	kube-proxy-2mgjw	memory_usage	12808192.0
	2025-07-31 06:00	prometheus-server-7b84b7964c-6fqjr	memory_usage	258359296.0
	2025-07-31 06:00	ebs-csi-controller-76d8884b66-ktczg	cpu_usage	0.0025916119481673
	2025-07-31 06:00	grafana-58f7855dcb-drbv8	pod_restart	0.0
	2025-07-31 06:00	kube-proxy-sct9q	pod_pending	1.0
	2025-07-31 06:00	prometheus-prometheus-node-exporter-htv66	memory_usage	9728000.0
	2025-07-31 06:00	ebs-csi-node-fltgc	pod_pending	1.0
	2025-07-31 06:00	cert-manager-webhook-7987476d56-qnxmd	pod_pending	1.0
	2025-07-31 06:00	cert-manager-cainjector-55cd9f77b5-98r24	pod_pending	1.0
	2025-07-31 06:00	frontend-665fb7799d-8vhc6	pod_pending	1.0
	2025-07-31 06:00	prometheus-kube-state-metrics-57d654d7bf-g92qr	pod_pending	1.0
	2025-07-31 06:00	prometheus-alertmanager-0	pod_pending	1.0
	2025-07-31 06:00	ebs-csi-controller-76d8884b66-j8wzm	pod_pending	1.0
	2025-07-31 06:00	users-758478f69-v748v	pod_pending	1.0
	2025-07-31 06:00	ebs-csi-node-gmw2z	pod_pending	1.0
	2025-07-31 06:00	aws-node-t8fzj	pod_pending	1.0
	2025-07-31 06:00	coredns-844d8f59bb-j58mx	pod_pending	1.0
	2025-07-31 06:00	grafana-58f7855dcb-drbv8	cpu_usage	0.0031952791882347
	2025-07-31 06:00	ebs-csi-node-fltgc	memory_usage	19976192.0
	2025-07-31 06:00	ebs-csi-controller-76d8884b66-ktczg	memory_usage	54689792.0
	2025-07-31 06:00	prometheus-prometheus-node-exporter-htv66	pod_pending	1.0
	2025-07-31 06:00	prometheus-kube-state-metrics-57d654d7bf-g92qr	cpu_usage	0.001469286865495
	2025-07-31 06:00	prometheus-kube-state-metrics-57d654d7bf-g92qr	memory_usage	16564224.0
	2025-07-31 06:00	kube-proxy-sct9q	memory_usage	13430784.0
	2025-07-31 06:00	aws-node-t8fzj	pod_restart	0.0
	2025-07-31 06:00	frontend-665fb7799d-8vhc6	pod_restart	0.0
	2025-07-31 06:00	aws-node-xqbqv	pod_pending	1.0
	2025-07-31 06:00	coredns-844d8f59bb-mt26b	pod_pending	1.0
	2025-07-31 06:00	aws-load-balancer-controller-699649575d-fk44d	pod_pending	1.0
	2025-07-31 06:00	cert-manager-58dd99f969-gz6bc	pod_pending	1.0
	2025-07-31 06:00	prometheus-server-7b84b7964c-6fqjr	pod_pending	1.0
	2025-07-31 06:00	ebs-csi-node-fltgc	pod_restart	0.0
	2025-07-31 06:00	coredns-844d8f59bb-j58mx	memory_usage	17051648.0
	2025-07-31 06:00	kube-proxy-2mgjw	pod_pending	1.0
	2025-07-31 06:00	grafana-58f7855dcb-drbv8	memory_usage	116162560.0
	2025-07-31 06:00	cert-manager-webhook-7987476d56-qnxmd	pod_restart	0.0
	2025-07-31 06:00	prometheus-alertmanager-0	pod_restart	0.0
	2025-07-31 06:00	prometheus-prometheus-node-exporter-htv66	pod_restart	0.0
	2025-07-31 06:00	ebs-csi-controller-76d8884b66-j8wzm	pod_restart	0.0
	2025-07-31 06:00	users-758478f69-v748v	pod_restart	0.0
	2025-07-31 06:00	boards-7549648968-rxqtg	pod_pending	1.0
	2025-07-31 06:00	prometheus-prometheus-node-exporter-q2lg7	pod_pending	1.0
	2025-07-31 06:00	prometheus-prometheus-pushgateway-784c485d55-kczqb	pod_pending	1.0
	2025-07-31 06:00	ebs-csi-controller-76d8884b66-ktczg	pod_pending	1.0
	2025-07-31 06:00	prometheus-kube-state-metrics-57d654d7bf-g92qr	pod_restart	0.0
	2025-07-31 06:00	frontend-665fb7799d-8vhc6	cpu_usage	2.5664566237e-05
	2025-07-31 06:00	frontend-665fb7799d-8vhc6	net_receive	75.04545940742325
	2025-07-31 06:00	coredns-844d8f59bb-j58mx	pod_restart	0.0
	2025-07-31 06:00	kube-proxy-2mgjw	pod_restart	0.0
	2025-07-31 06:00	kube-proxy-sct9q	pod_restart	0.0
	2025-07-31 06:00	aws-node-xqbqv	pod_restart	0.0
	2025-07-31 06:00	coredns-844d8f59bb-mt26b	pod_restart	0.0
	2025-07-31 06:00	aws-load-balancer-controller-699649575d-fk44d	pod_restart	0.0
	2025-07-31 06:00	cert-manager-58dd99f969-gz6bc	pod_restart	0.0
	2025-07-31 06:00	prometheus-prometheus-pushgateway-784c485d55-kczqb	cpu_avg	9.04373644444e-05
	2025-07-31 06:00	prometheus-server-7b84b7964c-6fqjr	pod_restart	0.0
	2025-07-31 06:00	aws-load-balancer-controller-699649575d-fk44d	cpu_avg	0.0020096248289185
	2025-07-31 06:00	cert-manager-cainjector-55cd9f77b5-98r24	cpu_avg	0.0006610307706723
	2025-07-31 06:00	cert-manager-webhook-7987476d56-qnxmd	cpu_avg	0.0002771540824766
	2025-07-31 06:00	ebs-csi-controller-76d8884b66-j8wzm	cpu_avg	0.0010480780231246
	2025-07-31 06:00	ebs-csi-node-gmw2z	cpu_avg	0.0001529875661534
	2025-07-31 06:00	frontend-665fb7799d-8vhc6	cpu_avg	2.56611126402e-05
	2025-07-31 06:00	ebs-csi-controller-76d8884b66-ktczg	pod_restart	0.0
	2025-07-31 06:00	prometheus-prometheus-node-exporter-q2lg7	cpu_avg	0.0003709110720364
	2025-07-31 06:00	aws-node-xqbqv	cpu_avg	0.0016044606157102
	2025-07-31 06:00	prometheus-prometheus-pushgateway-784c485d55-kczqb	pod_restart	0.0
	2025-07-31 06:00	kube-proxy-2mgjw	cpu_avg	0.0002553488627748
	2025-07-31 06:00	users-758478f69-v748v	net_receive	61.40216366376893
	2025-07-31 06:00	boards-7549648968-rxqtg	pod_restart	0.0
	2025-07-31 06:00	cert-manager-58dd99f969-gz6bc	cpu_avg	0.0007344439333137
	2025-07-31 06:00	coredns-844d8f59bb-mt26b	cpu_avg	0.0009578625050914
	2025-07-31 06:00	aws-node-t8fzj	cpu_avg	0.0011746381980783
	2025-07-31 06:00	prometheus-alertmanager-0	cpu_avg	0.0007884327688888
	2025-07-31 06:00	coredns-844d8f59bb-j58mx	cpu_avg	0.0011288842200208
	2025-07-31 06:00	boards-7549648968-rxqtg	cpu_avg	2.71597364462e-05
	2025-07-31 06:00	ebs-csi-controller-76d8884b66-ktczg	cpu_avg	0.0004319132998641
	2025-07-31 06:00	prometheus-kube-state-metrics-57d654d7bf-g92qr	cpu_avg	0.0014690917576416
	2025-07-31 06:00	grafana-58f7855dcb-drbv8	cpu_avg	0.0031952791882347
	2025-07-31 06:00	kube-proxy-sct9q	cpu_avg	0.000189994723401
	2025-07-31 06:00	prometheus-server-7b84b7964c-6fqjr	net_receive	15961.417378356073
	2025-07-31 06:00	cert-manager-cainjector-55cd9f77b5-98r24	net_receive	102.49007777698046
	2025-07-31 06:00	cert-manager-webhook-7987476d56-qnxmd	net_receive	137.90180284195682
	2025-07-31 06:00	aws-load-balancer-controller-699649575d-fk44d	net_receive	2395.0897509335223
	2025-07-31 06:00	ebs-csi-node-fltgc	cpu_avg	0.0001749718329879
	2025-07-31 06:00	prometheus-prometheus-node-exporter-htv66	cpu_avg	0.0004293409895659
	2025-07-31 06:00	coredns-844d8f59bb-mt26b	memory_usage	15716352.0
	2025-07-31 06:00	prometheus-server-7b84b7964c-6fqjr	cpu_avg	0.0026463660616546
	2025-07-31 06:00	cert-manager-58dd99f969-gz6bc	net_receive	143.40181829219205
	2025-07-31 06:00	users-758478f69-v748v	cpu_avg	2.85920656433e-05
	2025-07-31 06:00	ebs-csi-node-gmw2z	net_transmit	47.94574295162828
	2025-07-31 06:00	kube-proxy-2mgjw	net_receive	23304.741676041434
	2025-07-31 06:00	boards-7549648968-rxqtg	net_receive	71.76446534451033
	2025-07-31 06:00	grafana-58f7855dcb-drbv8	net_receive	165.96316619643216
	2025-07-31 06:00	prometheus-prometheus-node-exporter-q2lg7	net_receive	19660.10866043253
	2025-07-31 06:00	prometheus-kube-state-metrics-57d654d7bf-g92qr	net_receive	3124.778867976631
	2025-07-31 06:00	prometheus-prometheus-node-exporter-htv66	net_receive	11080.675786652424
	2025-07-31 06:00	ebs-csi-controller-76d8884b66-j8wzm	net_receive	586.3926773593944
	2025-07-31 06:00	ebs-csi-node-fltgc	net_receive	44.87725658605763
	2025-07-31 06:00	aws-node-t8fzj	net_receive	10967.017119887994
	2025-07-31 06:00	coredns-844d8f59bb-mt26b	net_receive	120.87802222827024
	2025-07-31 06:00	kube-proxy-sct9q	net_receive	11258.92099514369
	2025-07-31 06:00	ebs-csi-controller-76d8884b66-ktczg	net_receive	442.1911111111111
	2025-07-31 06:00	coredns-844d8f59bb-mt26b	net_transmit	185.08006509628365
	2025-07-31 06:00	prometheus-server-7b84b7964c-6fqjr	net_transmit	864.3967265743925
	2025-07-31 06:00	prometheus-prometheus-pushgateway-784c485d55-kczqb	net_receive	107.00622174131468
	2025-07-31 06:00	cert-manager-cainjector-55cd9f77b5-98r24	net_transmit	147.34018182922185
	2025-07-31 06:00	coredns-844d8f59bb-j58mx	net_receive	105.42396852525664
	2025-07-31 06:00	aws-node-xqbqv	net_receive	23862.114702727267
	2025-07-31 06:00	ebs-csi-node-gmw2z	net_receive	45.67008575752481
	2025-07-31 06:00	prometheus-prometheus-node-exporter-q2lg7	net_transmit	20816.18538810344
	2025-07-31 06:00	frontend-665fb7799d-8vhc6	net_transmit	166.26377152636647
	2025-07-31 06:00	prometheus-alertmanager-0	net_receive	102.15346907406544
	2025-07-31 06:00	kube-proxy-2mgjw	net_transmit	24585.91769229477
	2025-07-31 06:00	boards-7549648968-rxqtg	net_transmit	158.47474953997138
	2025-07-31 06:00	grafana-58f7855dcb-drbv8	net_transmit	228.97829515917627
	2025-07-31 06:00	cert-manager-58dd99f969-gz6bc	net_transmit	164.32710550091443
	2025-07-31 06:00	prometheus-prometheus-pushgateway-784c485d55-kczqb	net_transmit	142.07873511502217
	2025-07-31 06:00	prometheus-alertmanager-0	net_transmit	462.3908855343169
	2025-07-31 06:00	prometheus-kube-state-metrics-57d654d7bf-g92qr	net_transmit	6699.113745998048
	2025-07-31 06:00	users-758478f69-v748v	net_transmit	136.1518359155917
	2025-07-31 06:00	aws-node-xqbqv	net_transmit	25009.87650406633
	2025-07-31 06:00	aws-node-t8fzj	net_transmit	12030.675338203522
	2025-07-31 06:00	aws-load-balancer-controller-699649575d-fk44d	net_transmit	1197.3805979224844
	2025-07-31 06:00	ebs-csi-node-fltgc	net_transmit	45.04308742716309
	2025-07-31 06:00	prometheus-prometheus-node-exporter-htv66	net_transmit	12157.516252422503
	2025-07-31 06:00	coredns-844d8f59bb-j58mx	net_transmit	162.48380240423373
	2025-07-31 06:00	prometheus-prometheus-node-exporter-q2lg7	pod_restart	0.0
	2025-07-31 06:00	ebs-csi-controller-76d8884b66-j8wzm	net_transmit	504.8410566800207
	2025-07-31 06:00	cert-manager-webhook-7987476d56-qnxmd	net_transmit	164.08973725458293
	2025-07-31 06:00	cert-manager-cainjector-55cd9f77b5-98r24	pod_restart	0.0
	2025-07-31 06:05	users-758478f69-v748v	cpu_avg	2.40741151071e-05
	2025-07-31 06:05	cert-manager-58dd99f969-gz6bc	cpu_avg	0.0005821531955555
	2025-07-31 06:05	ebs-csi-controller-76d8884b66-ktczg	memory_usage	54702080.0
	2025-07-31 06:05	aws-node-t8fzj	cpu_avg	0.0015872094050525
	2025-07-31 06:05	prometheus-alertmanager-0	cpu_avg	0.0010305962857781
	2025-07-31 06:05	coredns-844d8f59bb-j58mx	cpu_avg	0.0011514587119363
	2025-07-31 06:05	boards-7549648968-rxqtg	cpu_avg	2.7869111218e-05
	2025-07-31 06:05	ebs-csi-controller-76d8884b66-ktczg	cpu_avg	0.0004071708951887
	2025-07-31 06:05	prometheus-prometheus-node-exporter-htv66	cpu_avg	0.0003856885754741
	2025-07-31 06:05	prometheus-kube-state-metrics-57d654d7bf-g92qr	cpu_avg	0.0016853812962947
	2025-07-31 06:05	kube-proxy-sct9q	cpu_avg	0.0002555554897165
	2025-07-31 06:05	prometheus-server-7b84b7964c-6fqjr	net_receive	16043.39045160216
	2025-07-31 06:05	cert-manager-cainjector-55cd9f77b5-98r24	net_receive	105.36857302611264
	2025-07-31 06:05	cert-manager-webhook-7987476d56-qnxmd	net_receive	160.18076962723043
	2025-07-31 06:05	prometheus-prometheus-pushgateway-784c485d55-kczqb	cpu_avg	0.000107672772984
	2025-07-31 06:05	ebs-csi-node-fltgc	cpu_avg	0.00017911187574
	2025-07-31 06:05	users-758478f69-v748v	net_receive	70.1046504640162
	2025-07-31 06:05	ebs-csi-controller-76d8884b66-ktczg	pod_restart	0.0
	2025-07-31 06:05	boards-7549648968-rxqtg	pod_restart	0.0
	2025-07-31 06:05	aws-load-balancer-controller-699649575d-fk44d	net_receive	2692.404571165735
	2025-07-31 06:05	prometheus-server-7b84b7964c-6fqjr	cpu_avg	0.0028630006251284
	2025-07-31 06:05	prometheus-prometheus-pushgateway-784c485d55-kczqb	pod_restart	0.0
	2025-07-31 06:05	kube-proxy-2mgjw	pod_restart	0.0
	2025-07-31 06:05	kube-proxy-sct9q	pod_restart	0.0
	2025-07-31 06:05	aws-node-xqbqv	pod_restart	0.0
	2025-07-31 06:05	coredns-844d8f59bb-mt26b	pod_restart	0.0
	2025-07-31 06:05	prometheus-prometheus-node-exporter-q2lg7	cpu_avg	0.0004115142228488
	2025-07-31 06:05	aws-load-balancer-controller-699649575d-fk44d	pod_restart	0.0
	2025-07-31 06:05	kube-proxy-2mgjw	cpu_avg	0.0002415340460662
	2025-07-31 06:05	prometheus-server-7b84b7964c-6fqjr	pod_restart	0.0
	2025-07-31 06:05	aws-load-balancer-controller-699649575d-fk44d	cpu_avg	0.0022963524637297
	2025-07-31 06:05	cert-manager-cainjector-55cd9f77b5-98r24	cpu_avg	0.0007198672141454
	2025-07-31 06:05	cert-manager-webhook-7987476d56-qnxmd	cpu_avg	0.0003235661382167
	2025-07-31 06:05	ebs-csi-controller-76d8884b66-j8wzm	cpu_avg	0.0010529112028108
	2025-07-31 06:05	ebs-csi-node-gmw2z	cpu_avg	0.0001608825917262
	2025-07-31 06:05	frontend-665fb7799d-8vhc6	cpu_avg	2.36344316438e-05
	2025-07-31 06:05	cert-manager-58dd99f969-gz6bc	pod_restart	0.0
	2025-07-31 06:05	prometheus-prometheus-node-exporter-q2lg7	pod_restart	0.0
	2025-07-31 06:05	aws-node-xqbqv	cpu_avg	0.0013455635059128
	2025-07-31 06:05	prometheus-kube-state-metrics-57d654d7bf-g92qr	net_transmit	6712.286284139775
	2025-07-31 06:05	prometheus-prometheus-pushgateway-784c485d55-kczqb	net_receive	108.55302521839116
	2025-07-31 06:05	coredns-844d8f59bb-mt26b	cpu_avg	0.0011352343675131
	2025-07-31 06:05	prometheus-prometheus-pushgateway-784c485d55-kczqb	net_transmit	140.5976035504498
	2025-07-31 06:05	ebs-csi-controller-76d8884b66-j8wzm	net_transmit	449.0888888888889
	2025-07-31 06:05	ebs-csi-node-gmw2z	net_transmit	46.481327800829874
	2025-07-31 06:05	aws-node-xqbqv	net_transmit	25118.94447882452
	2025-07-31 06:05	cert-manager-webhook-7987476d56-qnxmd	net_transmit	185.5384298215632
	2025-07-31 06:05	boards-7549648968-rxqtg	net_transmit	159.50331498858844
	2025-07-31 06:05	grafana-58f7855dcb-drbv8	net_transmit	467.56273925988944
	2025-07-31 06:05	cert-manager-58dd99f969-gz6bc	net_transmit	184.98412373245927
	2025-07-31 06:05	kube-proxy-2mgjw	net_transmit	21546.26591065488
	2025-07-31 06:05	prometheus-alertmanager-0	net_transmit	402.9526655614642
	2025-07-31 06:05	prometheus-prometheus-node-exporter-htv66	net_transmit	12315.114371419208
	2025-07-31 06:05	ebs-csi-node-fltgc	net_transmit	44.55197999838696
	2025-07-31 06:05	coredns-844d8f59bb-j58mx	net_transmit	197.0288664040792
	2025-07-31 06:05	aws-node-t8fzj	net_transmit	14098.56315729216
	2025-07-31 06:05	cert-manager-cainjector-55cd9f77b5-98r24	pod_restart	0.0
	2025-07-31 06:05	users-758478f69-v748v	net_transmit	154.45172256895856
	2025-07-31 06:05	coredns-844d8f59bb-j58mx	pod_restart	0.0
	2025-07-31 06:05	frontend-665fb7799d-8vhc6	net_transmit	155.81422249259913
	2025-07-31 06:05	aws-load-balancer-controller-699649575d-fk44d	net_transmit	1356.948467608133
	2025-07-31 06:05	ebs-csi-node-gmw2z	net_receive	45.53526970954357
	2025-07-31 06:05	cert-manager-cainjector-55cd9f77b5-98r24	net_transmit	152.51988283108147
	2025-07-31 06:05	prometheus-prometheus-node-exporter-q2lg7	net_receive	23250.27270022808
	2025-07-31 06:05	ebs-csi-controller-76d8884b66-j8wzm	net_receive	494.53777777777776
	2025-07-31 06:05	aws-node-xqbqv	net_receive	23952.090044059387
	2025-07-31 06:05	kube-proxy-2mgjw	net_receive	20464.927841383906
	2025-07-31 06:05	boards-7549648968-rxqtg	net_receive	71.7739882921863
	2025-07-31 06:05	grafana-58f7855dcb-drbv8	net_receive	196.5504040833688
	2025-07-31 06:05	cert-manager-58dd99f969-gz6bc	net_receive	164.65794894556544
	2025-07-31 06:05	frontend-665fb7799d-8vhc6	net_receive	73.49016146928913
	2025-07-31 06:05	coredns-844d8f59bb-mt26b	net_transmit	213.6660971195745
	2025-07-31 06:05	prometheus-kube-state-metrics-57d654d7bf-g92qr	net_receive	3107.039509332595
	2025-07-31 06:05	ebs-csi-node-fltgc	net_receive	44.97136865876279
	2025-07-31 06:05	coredns-844d8f59bb-j58mx	net_receive	125.76033360096515
	2025-07-31 06:05	aws-node-t8fzj	net_receive	13138.225576945091
	2025-07-31 06:05	coredns-844d8f59bb-mt26b	net_receive	129.9123436694335
	2025-07-31 06:05	kube-proxy-sct9q	net_receive	11794.38440329982
	2025-07-31 06:05	ebs-csi-controller-76d8884b66-ktczg	net_receive	615.068924479264
	2025-07-31 06:05	prometheus-server-7b84b7964c-6fqjr	net_transmit	862.1374586187512
	2025-07-31 06:05	prometheus-alertmanager-0	net_receive	90.8134973805269
	2025-07-31 06:05	prometheus-prometheus-node-exporter-htv66	net_receive	11373.505573741317
	2025-07-31 06:05	prometheus-prometheus-node-exporter-q2lg7	net_transmit	24482.16154871693
	2025-07-31 06:05	grafana-58f7855dcb-drbv8	cpu_avg	0.0034453275427136
	2025-07-31 06:05	grafana-58f7855dcb-drbv8	pod_restart	0.0
	2025-07-31 06:05	kube-proxy-sct9q	cpu_usage	0.0002555554897165
	2025-07-31 06:05	prometheus-kube-state-metrics-57d654d7bf-g92qr	cpu_usage	0.0016853812962947
	2025-07-31 06:05	prometheus-prometheus-node-exporter-htv66	cpu_usage	0.0003857294059255
	2025-07-31 06:05	aws-node-xqbqv	memory_usage	79843328.0
	2025-07-31 06:05	aws-load-balancer-controller-699649575d-fk44d	memory_usage	29229056.0
	2025-07-31 06:05	cert-manager-cainjector-55cd9f77b5-98r24	memory_usage	13815808.0
	2025-07-31 06:05	cert-manager-webhook-7987476d56-qnxmd	memory_usage	13541376.0
	2025-07-31 06:05	ebs-csi-controller-76d8884b66-j8wzm	memory_usage	56479744.0
	2025-07-31 06:05	ebs-csi-node-gmw2z	memory_usage	19689472.0
	2025-07-31 06:05	frontend-665fb7799d-8vhc6	memory_usage	3207168.0
	2025-07-31 06:05	prometheus-prometheus-node-exporter-q2lg7	memory_usage	9011200.0
	2025-07-31 06:05	prometheus-server-7b84b7964c-6fqjr	memory_usage	300249088.0
	2025-07-31 06:05	prometheus-prometheus-pushgateway-784c485d55-kczqb	memory_usage	8724480.0
	2025-07-31 06:05	users-758478f69-v748v	memory_usage	3153920.0
	2025-07-31 06:05	prometheus-alertmanager-0	memory_usage	15245312.0
	2025-07-31 06:05	ebs-csi-node-fltgc	cpu_usage	0.0005373356272201
	2025-07-31 06:05	aws-node-t8fzj	memory_usage	79290368.0
	2025-07-31 06:05	ebs-csi-node-gmw2z	pod_restart	0.0
	2025-07-31 06:05	kube-proxy-2mgjw	memory_usage	12816384.0
	2025-07-31 06:05	kube-proxy-sct9q	net_transmit	12593.242377119635
	2025-07-31 06:05	prometheus-server-7b84b7964c-6fqjr	cpu_usage	0.0057260012502569
	2025-07-31 06:05	frontend-665fb7799d-8vhc6	cpu_usage	2.36369305842e-05
	2025-07-31 06:05	kube-proxy-2mgjw	cpu_usage	0.0002415340460662
	2025-07-31 06:05	ebs-csi-node-gmw2z	cpu_usage	0.0004826835922586
	2025-07-31 06:05	cert-manager-58dd99f969-gz6bc	memory_usage	22487040.0
	2025-07-31 06:05	cert-manager-webhook-7987476d56-qnxmd	cpu_usage	0.0003235661382167
	2025-07-31 06:05	cert-manager-cainjector-55cd9f77b5-98r24	cpu_usage	0.0007198672141454
	2025-07-31 06:05	aws-load-balancer-controller-699649575d-fk44d	cpu_usage	0.0022963524637297
	2025-07-31 06:05	ebs-csi-controller-76d8884b66-j8wzm	cpu_usage	0.0063177050421394
	2025-07-31 06:05	coredns-844d8f59bb-j58mx	cpu_usage	0.0011514587119363
	2025-07-31 06:05	prometheus-prometheus-node-exporter-q2lg7	cpu_usage	0.0004115142228488
	2025-07-31 06:05	prometheus-prometheus-pushgateway-784c485d55-kczqb	cpu_usage	0.0001076845752112
	2025-07-31 06:05	users-758478f69-v748v	cpu_usage	2.40766873549e-05
	2025-07-31 06:05	prometheus-alertmanager-0	cpu_usage	0.0010305962857781
	2025-07-31 06:05	aws-node-t8fzj	cpu_usage	0.003174418810105
	2025-07-31 06:05	boards-7549648968-rxqtg	cpu_usage	2.7869111218e-05
	2025-07-31 06:05	cert-manager-58dd99f969-gz6bc	cpu_usage	0.0005821531955555
	2025-07-31 06:05	coredns-844d8f59bb-mt26b	cpu_usage	0.0011352343675131
	2025-07-31 06:05	aws-node-xqbqv	cpu_usage	0.0026909120513991
	2025-07-31 06:05	boards-7549648968-rxqtg	memory_usage	3211264.0
	2025-07-31 06:05	coredns-844d8f59bb-j58mx	memory_usage	15900672.0
	2025-07-31 06:05	ebs-csi-controller-76d8884b66-ktczg	cpu_usage	0.0024431142840589
	2025-07-31 06:05	kube-proxy-2mgjw	pod_pending	1.0
	2025-07-31 06:05	aws-node-xqbqv	pod_pending	1.0
	2025-07-31 06:05	coredns-844d8f59bb-mt26b	pod_pending	1.0
	2025-07-31 06:05	aws-load-balancer-controller-699649575d-fk44d	pod_pending	1.0
	2025-07-31 06:05	cert-manager-58dd99f969-gz6bc	pod_pending	1.0
	2025-07-31 06:05	prometheus-server-7b84b7964c-6fqjr	pod_pending	1.0
	2025-07-31 06:05	ebs-csi-node-fltgc	pod_restart	0.0
	2025-07-31 06:05	prometheus-prometheus-pushgateway-784c485d55-kczqb	pod_pending	1.0
	2025-07-31 06:05	frontend-665fb7799d-8vhc6	pod_restart	0.0
	2025-07-31 06:05	prometheus-kube-state-metrics-57d654d7bf-g92qr	pod_restart	0.0
	2025-07-31 06:05	prometheus-alertmanager-0	pod_restart	0.0
	2025-07-31 06:05	prometheus-prometheus-node-exporter-htv66	pod_restart	0.0
	2025-07-31 06:05	ebs-csi-controller-76d8884b66-j8wzm	pod_restart	0.0
	2025-07-31 06:05	users-758478f69-v748v	pod_restart	0.0
	2025-07-31 06:05	boards-7549648968-rxqtg	pod_pending	1.0
	2025-07-31 06:05	prometheus-prometheus-node-exporter-q2lg7	pod_pending	1.0
	2025-07-31 06:05	ebs-csi-controller-76d8884b66-ktczg	pod_pending	1.0
	2025-07-31 06:05	grafana-58f7855dcb-drbv8	cpu_usage	0.0034453275427136
	2025-07-31 06:05	kube-proxy-sct9q	pod_pending	1.0
	2025-07-31 06:05	cert-manager-cainjector-55cd9f77b5-98r24	pod_pending	1.0
	2025-07-31 06:05	cert-manager-webhook-7987476d56-qnxmd	pod_restart	0.0
	2025-07-31 06:05	ebs-csi-node-fltgc	memory_usage	20197376.0
	2025-07-31 06:05	coredns-844d8f59bb-mt26b	memory_usage	16375808.0
	2025-07-31 06:05	prometheus-kube-state-metrics-57d654d7bf-g92qr	memory_usage	16580608.0
	2025-07-31 06:05	prometheus-prometheus-node-exporter-htv66	memory_usage	9220096.0
	2025-07-31 06:05	ebs-csi-node-fltgc	pod_pending	1.0
	2025-07-31 06:05	cert-manager-webhook-7987476d56-qnxmd	pod_pending	1.0
	2025-07-31 06:05	aws-node-t8fzj	pod_restart	0.0
	2025-07-31 06:05	frontend-665fb7799d-8vhc6	pod_pending	1.0
	2025-07-31 06:05	prometheus-kube-state-metrics-57d654d7bf-g92qr	pod_pending	1.0
	2025-07-31 06:05	prometheus-alertmanager-0	pod_pending	1.0
	2025-07-31 06:05	kube-proxy-sct9q	memory_usage	13434880.0
	2025-07-31 06:05	ebs-csi-controller-76d8884b66-j8wzm	pod_pending	1.0
	2025-07-31 06:05	prometheus-prometheus-node-exporter-htv66	pod_pending	1.0
	2025-07-31 06:05	ebs-csi-controller-76d8884b66-ktczg	net_transmit	365.3557762609471
	2025-07-31 06:05	grafana-58f7855dcb-drbv8	pod_pending	1.0
	2025-07-31 06:05	coredns-844d8f59bb-j58mx	pod_pending	1.0
	2025-07-31 06:05	grafana-58f7855dcb-drbv8	memory_usage	116191232.0
	2025-07-31 06:05	ebs-csi-node-gmw2z	pod_pending	1.0
	2025-07-31 06:05	users-758478f69-v748v	pod_pending	1.0
	2025-07-31 06:05	aws-node-t8fzj	pod_pending	1.0
	2025-07-31 06:10	kube-proxy-2mgjw	cpu_usage	0.0002167719867575
	2025-07-31 06:10	cert-manager-cainjector-55cd9f77b5-98r24	cpu_usage	0.0007351367558864
	2025-07-31 06:10	cert-manager-webhook-7987476d56-qnxmd	cpu_usage	0.0002803777007872
	2025-07-31 06:10	ebs-csi-controller-76d8884b66-j8wzm	cpu_usage	0.0063151823057294
	2025-07-31 06:10	ebs-csi-node-gmw2z	cpu_usage	0.0004850566033465
	2025-07-31 06:10	aws-load-balancer-controller-699649575d-fk44d	cpu_usage	0.0019678831281098
	2025-07-31 06:10	frontend-665fb7799d-8vhc6	cpu_usage	2.81737981588e-05
	2025-07-31 06:10	prometheus-prometheus-node-exporter-q2lg7	cpu_usage	0.0004043454189564
	2025-07-31 06:10	aws-node-t8fzj	cpu_usage	0.0031756203579413
	2025-07-31 06:10	prometheus-prometheus-pushgateway-784c485d55-kczqb	cpu_usage	0.000111048403548
	2025-07-31 06:10	users-758478f69-v748v	cpu_usage	2.85304090301e-05
	2025-07-31 06:10	prometheus-alertmanager-0	cpu_usage	0.0010498940633181
	2025-07-31 06:10	boards-7549648968-rxqtg	cpu_usage	2.93498696708e-05
	2025-07-31 06:10	cert-manager-58dd99f969-gz6bc	cpu_usage	0.0007342135957331
	2025-07-31 06:10	coredns-844d8f59bb-mt26b	cpu_usage	0.0013230577984856
	2025-07-31 06:10	boards-7549648968-rxqtg	memory_usage	3211264.0
	2025-07-31 06:10	aws-node-xqbqv	cpu_usage	0.0032142619633183
	2025-07-31 06:10	prometheus-server-7b84b7964c-6fqjr	cpu_usage	0.0063343897099252
	2025-07-31 06:10	kube-proxy-sct9q	net_transmit	12487.25674753506
	2025-07-31 06:10	kube-proxy-sct9q	cpu_usage	0.0002069307252579
	2025-07-31 06:10	ebs-csi-controller-76d8884b66-ktczg	cpu_usage	0.0026229490996981
	2025-07-31 06:10	prometheus-kube-state-metrics-57d654d7bf-g92qr	cpu_usage	0.0016694006147655
	2025-07-31 06:10	prometheus-prometheus-node-exporter-htv66	cpu_usage	0.0003711441279026
	2025-07-31 06:10	aws-node-xqbqv	memory_usage	79900672.0
	2025-07-31 06:10	aws-load-balancer-controller-699649575d-fk44d	memory_usage	29229056.0
	2025-07-31 06:10	cert-manager-cainjector-55cd9f77b5-98r24	memory_usage	13860864.0
	2025-07-31 06:10	cert-manager-webhook-7987476d56-qnxmd	memory_usage	13598720.0
	2025-07-31 06:10	ebs-csi-controller-76d8884b66-j8wzm	memory_usage	56672256.0
	2025-07-31 06:10	ebs-csi-node-gmw2z	memory_usage	19501056.0
	2025-07-31 06:10	frontend-665fb7799d-8vhc6	memory_usage	3207168.0
	2025-07-31 06:10	kube-proxy-2mgjw	memory_usage	12824576.0
	2025-07-31 06:10	prometheus-prometheus-node-exporter-q2lg7	memory_usage	9629696.0
	2025-07-31 06:10	prometheus-server-7b84b7964c-6fqjr	memory_usage	279863296.0
	2025-07-31 06:10	prometheus-prometheus-pushgateway-784c485d55-kczqb	memory_usage	8941568.0
	2025-07-31 06:10	users-758478f69-v748v	memory_usage	3153920.0
	2025-07-31 06:10	prometheus-alertmanager-0	memory_usage	15249408.0
	2025-07-31 06:10	ebs-csi-node-fltgc	cpu_usage	0.0005395974351365
	2025-07-31 06:10	aws-node-t8fzj	memory_usage	79360000.0
	2025-07-31 06:10	coredns-844d8f59bb-j58mx	cpu_usage	0.001153760549409
	2025-07-31 06:10	coredns-844d8f59bb-j58mx	memory_usage	16654336.0
	2025-07-31 06:10	ebs-csi-controller-76d8884b66-ktczg	net_transmit	325.32074368905666
	2025-07-31 06:10	kube-proxy-2mgjw	pod_pending	1.0
	2025-07-31 06:10	kube-proxy-sct9q	memory_usage	13570048.0
	2025-07-31 06:10	prometheus-kube-state-metrics-57d654d7bf-g92qr	memory_usage	16592896.0
	2025-07-31 06:10	prometheus-prometheus-node-exporter-htv66	memory_usage	8953856.0
	2025-07-31 06:10	ebs-csi-node-fltgc	pod_pending	1.0
	2025-07-31 06:10	cert-manager-webhook-7987476d56-qnxmd	pod_pending	1.0
	2025-07-31 06:10	aws-node-t8fzj	pod_restart	0.0
	2025-07-31 06:10	frontend-665fb7799d-8vhc6	pod_pending	1.0
	2025-07-31 06:10	prometheus-kube-state-metrics-57d654d7bf-g92qr	pod_pending	1.0
	2025-07-31 06:10	prometheus-alertmanager-0	pod_pending	1.0
	2025-07-31 06:10	prometheus-prometheus-node-exporter-htv66	pod_pending	1.0
	2025-07-31 06:10	ebs-csi-controller-76d8884b66-j8wzm	pod_pending	1.0
	2025-07-31 06:10	users-758478f69-v748v	pod_pending	1.0
	2025-07-31 06:10	ebs-csi-node-gmw2z	pod_pending	1.0
	2025-07-31 06:10	aws-node-t8fzj	pod_pending	1.0
	2025-07-31 06:10	coredns-844d8f59bb-j58mx	pod_pending	1.0
	2025-07-31 06:10	grafana-58f7855dcb-drbv8	pod_pending	1.0
	2025-07-31 06:10	grafana-58f7855dcb-drbv8	cpu_usage	0.002988711736298
	2025-07-31 06:10	grafana-58f7855dcb-drbv8	memory_usage	116195328.0
	2025-07-31 06:10	ebs-csi-node-fltgc	memory_usage	19832832.0
	2025-07-31 06:10	coredns-844d8f59bb-mt26b	memory_usage	17436672.0
	2025-07-31 06:10	cert-manager-cainjector-55cd9f77b5-98r24	pod_pending	1.0
	2025-07-31 06:10	kube-proxy-sct9q	pod_pending	1.0
	2025-07-31 06:10	aws-node-xqbqv	pod_pending	1.0
	2025-07-31 06:10	coredns-844d8f59bb-mt26b	pod_pending	1.0
	2025-07-31 06:10	aws-load-balancer-controller-699649575d-fk44d	pod_pending	1.0
	2025-07-31 06:10	cert-manager-58dd99f969-gz6bc	pod_pending	1.0
	2025-07-31 06:10	prometheus-server-7b84b7964c-6fqjr	pod_pending	1.0
	2025-07-31 06:10	ebs-csi-node-fltgc	pod_restart	0.0
	2025-07-31 06:10	cert-manager-webhook-7987476d56-qnxmd	pod_restart	0.0
	2025-07-31 06:10	prometheus-prometheus-pushgateway-784c485d55-kczqb	pod_pending	1.0
	2025-07-31 06:10	frontend-665fb7799d-8vhc6	pod_restart	0.0
	2025-07-31 06:10	prometheus-kube-state-metrics-57d654d7bf-g92qr	pod_restart	0.0
	2025-07-31 06:10	prometheus-alertmanager-0	pod_restart	0.0
	2025-07-31 06:10	prometheus-prometheus-node-exporter-htv66	pod_restart	0.0
	2025-07-31 06:10	ebs-csi-controller-76d8884b66-j8wzm	pod_restart	0.0
	2025-07-31 06:10	users-758478f69-v748v	pod_restart	0.0
	2025-07-31 06:10	boards-7549648968-rxqtg	pod_pending	1.0
	2025-07-31 06:10	prometheus-prometheus-node-exporter-q2lg7	pod_pending	1.0
	2025-07-31 06:10	ebs-csi-controller-76d8884b66-ktczg	pod_pending	1.0
	2025-07-31 06:10	grafana-58f7855dcb-drbv8	pod_restart	0.0
	2025-07-31 06:10	ebs-csi-node-gmw2z	pod_restart	0.0
	2025-07-31 06:10	cert-manager-58dd99f969-gz6bc	memory_usage	22495232.0
	2025-07-31 06:10	coredns-844d8f59bb-j58mx	pod_restart	0.0
	2025-07-31 06:10	boards-7549648968-rxqtg	pod_restart	0.0
	2025-07-31 06:10	prometheus-prometheus-pushgateway-784c485d55-kczqb	pod_restart	0.0
	2025-07-31 06:10	kube-proxy-2mgjw	pod_restart	0.0
	2025-07-31 06:10	kube-proxy-sct9q	pod_restart	0.0
	2025-07-31 06:10	aws-node-xqbqv	pod_restart	0.0
	2025-07-31 06:10	coredns-844d8f59bb-mt26b	pod_restart	0.0
	2025-07-31 06:10	aws-load-balancer-controller-699649575d-fk44d	pod_restart	0.0
	2025-07-31 06:10	cert-manager-58dd99f969-gz6bc	pod_restart	0.0
	2025-07-31 06:10	prometheus-server-7b84b7964c-6fqjr	pod_restart	0.0
	2025-07-31 06:10	aws-node-xqbqv	cpu_avg	0.0016071309816591
	2025-07-31 06:10	aws-load-balancer-controller-699649575d-fk44d	cpu_avg	0.0019676806172399
	2025-07-31 06:10	cert-manager-cainjector-55cd9f77b5-98r24	cpu_avg	0.0007351367558864
	2025-07-31 06:10	cert-manager-webhook-7987476d56-qnxmd	cpu_avg	0.0002803487383234
	2025-07-31 06:10	ebs-csi-controller-76d8884b66-j8wzm	cpu_avg	0.0010524879412666
	2025-07-31 06:10	ebs-csi-node-gmw2z	cpu_avg	0.0001616792606652
	2025-07-31 06:10	frontend-665fb7799d-8vhc6	cpu_avg	2.81737981588e-05
	2025-07-31 06:10	prometheus-prometheus-node-exporter-q2lg7	cpu_avg	0.0004043454189564
	2025-07-31 06:10	ebs-csi-controller-76d8884b66-ktczg	memory_usage	54558720.0
	2025-07-31 06:10	kube-proxy-2mgjw	cpu_avg	0.0002167498639795
	2025-07-31 06:10	ebs-csi-controller-76d8884b66-ktczg	pod_restart	0.0
	2025-07-31 06:10	prometheus-server-7b84b7964c-6fqjr	cpu_avg	0.0031671948549626
	2025-07-31 06:10	coredns-844d8f59bb-mt26b	cpu_avg	0.0013230577984856
	2025-07-31 06:10	users-758478f69-v748v	cpu_avg	2.85304090301e-05
	2025-07-31 06:10	prometheus-alertmanager-0	cpu_avg	0.0010498940633181
	2025-07-31 06:10	aws-node-t8fzj	cpu_avg	0.0015878101789706
	2025-07-31 06:10	boards-7549648968-rxqtg	cpu_avg	2.93498696708e-05
	2025-07-31 06:10	cert-manager-58dd99f969-gz6bc	cpu_avg	0.0007342135957331
	2025-07-31 06:10	coredns-844d8f59bb-j58mx	cpu_avg	0.001153760549409
	2025-07-31 06:10	ebs-csi-controller-76d8884b66-ktczg	cpu_avg	0.0004371334158776
	2025-07-31 06:10	aws-load-balancer-controller-699649575d-fk44d	net_receive	2722.339933956204
	2025-07-31 06:10	coredns-844d8f59bb-mt26b	net_transmit	209.1900550788879
	2025-07-31 06:10	kube-proxy-sct9q	cpu_avg	0.0002069093015989
	2025-07-31 06:10	prometheus-kube-state-metrics-57d654d7bf-g92qr	cpu_avg	0.0016694006147655
	2025-07-31 06:10	prometheus-prometheus-node-exporter-htv66	cpu_avg	0.0003711055591627
	2025-07-31 06:10	prometheus-server-7b84b7964c-6fqjr	net_receive	16907.982515424363
	2025-07-31 06:10	cert-manager-cainjector-55cd9f77b5-98r24	net_receive	88.14956450556646
	2025-07-31 06:10	cert-manager-webhook-7987476d56-qnxmd	net_receive	160.60087383451196
	2025-07-31 06:10	prometheus-prometheus-pushgateway-784c485d55-kczqb	cpu_avg	0.0001110367277693
	2025-07-31 06:10	ebs-csi-node-fltgc	cpu_avg	0.0001798611800706
	2025-07-31 06:10	grafana-58f7855dcb-drbv8	cpu_avg	0.0029884066194099
	2025-07-31 06:10	ebs-csi-controller-76d8884b66-ktczg	net_receive	615.9390165095019
	2025-07-31 06:10	prometheus-prometheus-node-exporter-q2lg7	pod_restart	0.0
	2025-07-31 06:10	prometheus-prometheus-node-exporter-q2lg7	net_transmit	24663.91949845996
	2025-07-31 06:10	ebs-csi-controller-76d8884b66-j8wzm	net_receive	682.6430334492999
	2025-07-31 06:10	ebs-csi-node-gmw2z	net_receive	39.90721321706984
	2025-07-31 06:10	aws-node-xqbqv	net_receive	20869.67887181756
	2025-07-31 06:10	kube-proxy-2mgjw	net_receive	19923.08563941277
	2025-07-31 06:10	boards-7549648968-rxqtg	net_receive	73.42339538068855
	2025-07-31 06:10	grafana-58f7855dcb-drbv8	net_receive	161.96627077789427
	2025-07-31 06:10	cert-manager-58dd99f969-gz6bc	net_receive	154.37153168535838
	2025-07-31 06:10	prometheus-alertmanager-0	net_receive	104.70613225818543
	2025-07-31 06:10	prometheus-prometheus-node-exporter-htv66	net_receive	12719.717508820946
	2025-07-31 06:10	ebs-csi-node-fltgc	net_receive	47.239969595496845
	2025-07-31 06:10	coredns-844d8f59bb-j58mx	net_receive	103.35877826084428
	2025-07-31 06:10	aws-node-t8fzj	net_receive	12672.730944739198
	2025-07-31 06:10	coredns-844d8f59bb-mt26b	net_receive	122.39691909328302
	2025-07-31 06:10	kube-proxy-sct9q	net_receive	11630.523050732429
	2025-07-31 06:10	prometheus-server-7b84b7964c-6fqjr	net_transmit	908.9363186465804
	2025-07-31 06:10	prometheus-kube-state-metrics-57d654d7bf-g92qr	net_receive	3117.8399832880723
	2025-07-31 06:10	prometheus-prometheus-node-exporter-q2lg7	net_receive	23395.31946321116
	2025-07-31 06:10	prometheus-prometheus-pushgateway-784c485d55-kczqb	net_receive	108.24348050884883
	2025-07-31 06:10	frontend-665fb7799d-8vhc6	net_receive	64.81468679923738
	2025-07-31 06:10	users-758478f69-v748v	net_receive	75.15677710118739
	2025-07-31 06:10	cert-manager-webhook-7987476d56-qnxmd	net_transmit	185.57722625106976
	2025-07-31 06:10	cert-manager-cainjector-55cd9f77b5-98r24	net_transmit	136.18762148757526
	2025-07-31 06:10	prometheus-prometheus-pushgateway-784c485d55-kczqb	net_transmit	139.67491409675023
	2025-07-31 06:10	ebs-csi-controller-76d8884b66-j8wzm	net_transmit	585.5193641751275
	2025-07-31 06:10	ebs-csi-node-gmw2z	net_transmit	40.16974708945218
	2025-07-31 06:10	aws-node-xqbqv	net_transmit	22011.11935734012
	2025-07-31 06:10	kube-proxy-2mgjw	net_transmit	21075.72521473285
	2025-07-31 06:10	boards-7549648968-rxqtg	net_transmit	163.13266513104654
	2025-07-31 06:10	grafana-58f7855dcb-drbv8	net_transmit	448.8401141295947
	2025-07-31 06:10	cert-manager-58dd99f969-gz6bc	net_transmit	181.06473448163075
	2025-07-31 06:10	frontend-665fb7799d-8vhc6	net_transmit	143.73068280828616
	2025-07-31 06:10	prometheus-alertmanager-0	net_transmit	468.8555589339042
	2025-07-31 06:10	prometheus-kube-state-metrics-57d654d7bf-g92qr	net_transmit	6121.015249634427
	2025-07-31 06:10	users-758478f69-v748v	net_transmit	166.20243893311377
	2025-07-31 06:10	cert-manager-cainjector-55cd9f77b5-98r24	pod_restart	0.0
	2025-07-31 06:10	aws-node-t8fzj	net_transmit	13832.039693456476
	2025-07-31 06:10	aws-load-balancer-controller-699649575d-fk44d	net_transmit	1382.3439912542688
	2025-07-31 06:10	ebs-csi-node-fltgc	net_transmit	47.77410275900323
	2025-07-31 06:10	prometheus-prometheus-node-exporter-htv66	net_transmit	13890.498776939088
	2025-07-31 06:10	coredns-844d8f59bb-j58mx	net_transmit	162.87596557824074
	2025-07-31 06:15	coredns-844d8f59bb-mt26b	cpu_avg	0.0011654150975524
	2025-07-31 06:15	prometheus-alertmanager-0	cpu_avg	0.001061677102451
	2025-07-31 06:15	aws-node-t8fzj	cpu_avg	0.0016152853864162
	2025-07-31 06:15	boards-7549648968-rxqtg	cpu_avg	2.76125845944e-05
	2025-07-31 06:15	cert-manager-58dd99f969-gz6bc	cpu_avg	0.0006007894399999
	2025-07-31 06:15	users-758478f69-v748v	cpu_avg	2.79172579695e-05
	2025-07-31 06:15	coredns-844d8f59bb-j58mx	cpu_avg	0.001138331034931
	2025-07-31 06:15	ebs-csi-controller-76d8884b66-ktczg	cpu_avg	0.0004596685042937
	2025-07-31 06:15	prometheus-prometheus-node-exporter-htv66	cpu_avg	0.0004321703951067
	2025-07-31 06:15	grafana-58f7855dcb-drbv8	cpu_avg	0.0034550916702009
	2025-07-31 06:15	kube-proxy-sct9q	cpu_avg	0.0002582742493491
	2025-07-31 06:15	prometheus-kube-state-metrics-57d654d7bf-g92qr	cpu_avg	0.0014548287423873
	2025-07-31 06:15	prometheus-server-7b84b7964c-6fqjr	net_receive	13534.665992195762
	2025-07-31 06:15	cert-manager-cainjector-55cd9f77b5-98r24	net_receive	79.57777777777778
	2025-07-31 06:15	cert-manager-webhook-7987476d56-qnxmd	net_receive	140.0198179861143
	2025-07-31 06:15	aws-load-balancer-controller-699649575d-fk44d	net_receive	2329.9077209291995
	2025-07-31 06:15	prometheus-prometheus-pushgateway-784c485d55-kczqb	cpu_avg	0.0001190159277229
	2025-07-31 06:15	ebs-csi-node-fltgc	cpu_avg	0.0001867492474626
	2025-07-31 06:15	prometheus-server-7b84b7964c-6fqjr	cpu_avg	0.0028068920914281
	2025-07-31 06:15	ebs-csi-controller-76d8884b66-ktczg	pod_restart	0.0
	2025-07-31 06:15	kube-proxy-2mgjw	cpu_avg	0.0001947053111422
	2025-07-31 06:15	prometheus-prometheus-node-exporter-q2lg7	pod_restart	0.0
	2025-07-31 06:15	boards-7549648968-rxqtg	pod_restart	0.0
	2025-07-31 06:15	prometheus-prometheus-pushgateway-784c485d55-kczqb	pod_restart	0.0
	2025-07-31 06:15	kube-proxy-2mgjw	pod_restart	0.0
	2025-07-31 06:15	kube-proxy-sct9q	pod_restart	0.0
	2025-07-31 06:15	aws-node-xqbqv	pod_restart	0.0
	2025-07-31 06:15	coredns-844d8f59bb-mt26b	pod_restart	0.0
	2025-07-31 06:15	aws-load-balancer-controller-699649575d-fk44d	pod_restart	0.0
	2025-07-31 06:15	cert-manager-58dd99f969-gz6bc	pod_restart	0.0
	2025-07-31 06:15	prometheus-server-7b84b7964c-6fqjr	pod_restart	0.0
	2025-07-31 06:15	aws-node-xqbqv	cpu_avg	0.0015953287196124
	2025-07-31 06:15	aws-load-balancer-controller-699649575d-fk44d	cpu_avg	0.0016827070666666
	2025-07-31 06:15	cert-manager-cainjector-55cd9f77b5-98r24	cpu_avg	0.0006332416607667
	2025-07-31 06:15	cert-manager-webhook-7987476d56-qnxmd	cpu_avg	0.0002418146399999
	2025-07-31 06:15	ebs-csi-controller-76d8884b66-j8wzm	cpu_avg	0.001093296515542
	2025-07-31 06:15	ebs-csi-node-gmw2z	cpu_avg	0.000160131848298
	2025-07-31 06:15	frontend-665fb7799d-8vhc6	cpu_avg	2.9438666097e-05
	2025-07-31 06:15	prometheus-prometheus-node-exporter-q2lg7	cpu_avg	0.0003431758414442
	2025-07-31 06:15	users-758478f69-v748v	net_receive	70.86367852301478
	2025-07-31 06:15	coredns-844d8f59bb-mt26b	net_transmit	213.54889589905363
	2025-07-31 06:15	frontend-665fb7799d-8vhc6	net_receive	63.5582030251154
	2025-07-31 06:15	prometheus-prometheus-node-exporter-q2lg7	net_transmit	20834.289727385378
	2025-07-31 06:15	frontend-665fb7799d-8vhc6	net_transmit	137.9319254592209
	2025-07-31 06:15	prometheus-prometheus-pushgateway-784c485d55-kczqb	net_transmit	141.6444232857441
	2025-07-31 06:15	ebs-csi-controller-76d8884b66-j8wzm	net_transmit	581.7176080246121
	2025-07-31 06:15	ebs-csi-node-gmw2z	net_transmit	39.03981943504552
	2025-07-31 06:15	aws-node-xqbqv	net_transmit	24264.20968173309
	2025-07-31 06:15	kube-proxy-2mgjw	net_transmit	20730.13568258928
	2025-07-31 06:15	boards-7549648968-rxqtg	net_transmit	156.772644023557
	2025-07-31 06:15	grafana-58f7855dcb-drbv8	net_transmit	211.75905571635312
	2025-07-31 06:15	cert-manager-58dd99f969-gz6bc	net_transmit	167.7950999902933
	2025-07-31 06:15	prometheus-kube-state-metrics-57d654d7bf-g92qr	net_transmit	5149.542222222222
	2025-07-31 06:15	prometheus-alertmanager-0	net_transmit	465.1547246075335
	2025-07-31 06:15	prometheus-prometheus-node-exporter-htv66	net_transmit	14004.688401203794
	2025-07-31 06:15	ebs-csi-node-fltgc	net_transmit	39.11973888582591
	2025-07-31 06:15	coredns-844d8f59bb-j58mx	net_transmit	146.20444444444445
	2025-07-31 06:15	aws-node-t8fzj	net_transmit	12288.298832779335
	2025-07-31 06:15	cert-manager-cainjector-55cd9f77b5-98r24	pod_restart	0.0
	2025-07-31 06:15	users-758478f69-v748v	net_transmit	157.50045277675636
	2025-07-31 06:15	aws-load-balancer-controller-699649575d-fk44d	net_transmit	1152.666189704184
	2025-07-31 06:15	cert-manager-webhook-7987476d56-qnxmd	net_transmit	172.20837170775755
	2025-07-31 06:15	cert-manager-cainjector-55cd9f77b5-98r24	net_transmit	114.34666666666666
	2025-07-31 06:15	prometheus-prometheus-pushgateway-784c485d55-kczqb	net_receive	108.84903207861052
	2025-07-31 06:15	ebs-csi-controller-76d8884b66-j8wzm	net_receive	682.2204303008202
	2025-07-31 06:15	ebs-csi-node-gmw2z	net_receive	37.87547143210577
	2025-07-31 06:15	aws-node-xqbqv	net_receive	23074.479807435146
	2025-07-31 06:15	kube-proxy-2mgjw	net_receive	19606.105881184616
	2025-07-31 06:15	boards-7549648968-rxqtg	net_receive	70.57236546286039
	2025-07-31 06:15	grafana-58f7855dcb-drbv8	net_receive	166.09618467599293
	2025-07-31 06:15	cert-manager-58dd99f969-gz6bc	net_receive	143.31637386920335
	2025-07-31 06:15	prometheus-prometheus-node-exporter-q2lg7	net_receive	19712.8490535198
	2025-07-31 06:15	prometheus-kube-state-metrics-57d654d7bf-g92qr	net_receive	2338.6444444444446
	2025-07-31 06:15	prometheus-prometheus-node-exporter-htv66	net_receive	13190.47129567765
	2025-07-31 06:15	ebs-csi-node-fltgc	net_receive	40.9904890888719
	2025-07-31 06:15	coredns-844d8f59bb-j58mx	net_receive	92.8488888888889
	2025-07-31 06:15	aws-node-t8fzj	net_receive	11473.61263756055
	2025-07-31 06:15	coredns-844d8f59bb-mt26b	net_receive	130.80967402733964
	2025-07-31 06:15	kube-proxy-sct9q	net_receive	12683.418803418805
	2025-07-31 06:15	ebs-csi-controller-76d8884b66-ktczg	net_receive	535.1160722825579
	2025-07-31 06:15	prometheus-server-7b84b7964c-6fqjr	net_transmit	717.0352548828571
	2025-07-31 06:15	prometheus-alertmanager-0	net_receive	102.82136167801892
	2025-07-31 06:15	coredns-844d8f59bb-j58mx	pod_restart	0.0
	2025-07-31 06:15	coredns-844d8f59bb-mt26b	memory_usage	17104896.0
	2025-07-31 06:15	ebs-csi-node-gmw2z	pod_restart	0.0
	2025-07-31 06:15	grafana-58f7855dcb-drbv8	cpu_usage	0.0034550916702009
	2025-07-31 06:15	kube-proxy-sct9q	cpu_usage	0.0002582742493491
	2025-07-31 06:15	prometheus-kube-state-metrics-57d654d7bf-g92qr	cpu_usage	0.0014549865915451
	2025-07-31 06:15	prometheus-prometheus-node-exporter-htv66	cpu_usage	0.0004321703951067
	2025-07-31 06:15	aws-node-xqbqv	memory_usage	79986688.0
	2025-07-31 06:15	aws-load-balancer-controller-699649575d-fk44d	memory_usage	29233152.0
	2025-07-31 06:15	cert-manager-cainjector-55cd9f77b5-98r24	memory_usage	13213696.0
	2025-07-31 06:15	cert-manager-webhook-7987476d56-qnxmd	memory_usage	13479936.0
	2025-07-31 06:15	ebs-csi-controller-76d8884b66-j8wzm	memory_usage	56860672.0
	2025-07-31 06:15	ebs-csi-node-gmw2z	memory_usage	19697664.0
	2025-07-31 06:15	frontend-665fb7799d-8vhc6	memory_usage	3207168.0
	2025-07-31 06:15	kube-proxy-2mgjw	memory_usage	12824576.0
	2025-07-31 06:15	prometheus-prometheus-node-exporter-q2lg7	memory_usage	9695232.0
	2025-07-31 06:15	prometheus-server-7b84b7964c-6fqjr	memory_usage	284037120.0
	2025-07-31 06:15	prometheus-prometheus-pushgateway-784c485d55-kczqb	memory_usage	9875456.0
	2025-07-31 06:15	users-758478f69-v748v	memory_usage	3153920.0
	2025-07-31 06:15	prometheus-alertmanager-0	memory_usage	15249408.0
	2025-07-31 06:15	ebs-csi-node-fltgc	cpu_usage	0.0005602477423878
	2025-07-31 06:15	aws-node-t8fzj	memory_usage	79417344.0
	2025-07-31 06:15	ebs-csi-controller-76d8884b66-ktczg	cpu_usage	0.0027580549882662
	2025-07-31 06:15	coredns-844d8f59bb-j58mx	cpu_usage	0.001138331034931
	2025-07-31 06:15	kube-proxy-sct9q	net_transmit	13706.014464168313
	2025-07-31 06:15	aws-node-xqbqv	cpu_usage	0.0031906937872386
	2025-07-31 06:15	aws-load-balancer-controller-699649575d-fk44d	cpu_usage	0.0016827070666666
	2025-07-31 06:15	cert-manager-cainjector-55cd9f77b5-98r24	cpu_usage	0.0006333091026192
	2025-07-31 06:15	cert-manager-webhook-7987476d56-qnxmd	cpu_usage	0.0002418146399999
	2025-07-31 06:15	ebs-csi-controller-76d8884b66-j8wzm	cpu_usage	0.0065598456344503
	2025-07-31 06:15	ebs-csi-node-gmw2z	cpu_usage	0.0004804249734099
	2025-07-31 06:15	frontend-665fb7799d-8vhc6	cpu_usage	2.9438666097e-05
	2025-07-31 06:15	kube-proxy-2mgjw	cpu_usage	0.000194684697031
	2025-07-31 06:15	prometheus-prometheus-node-exporter-q2lg7	cpu_usage	0.000343212474406
	2025-07-31 06:15	prometheus-server-7b84b7964c-6fqjr	cpu_usage	0.0056137841828563
	2025-07-31 06:15	prometheus-prometheus-pushgateway-784c485d55-kczqb	cpu_usage	0.0001190159277229
	2025-07-31 06:15	users-758478f69-v748v	cpu_usage	2.79172579695e-05
	2025-07-31 06:15	prometheus-alertmanager-0	cpu_usage	0.001061677102451
	2025-07-31 06:15	aws-node-t8fzj	cpu_usage	0.0032305707728324
	2025-07-31 06:15	boards-7549648968-rxqtg	cpu_usage	2.76155517676e-05
	2025-07-31 06:15	cert-manager-58dd99f969-gz6bc	cpu_usage	0.0006007894399999
	2025-07-31 06:15	coredns-844d8f59bb-mt26b	cpu_usage	0.0011654150975524
	2025-07-31 06:15	boards-7549648968-rxqtg	memory_usage	3211264.0
	2025-07-31 06:15	cert-manager-58dd99f969-gz6bc	memory_usage	22962176.0
	2025-07-31 06:15	coredns-844d8f59bb-j58mx	memory_usage	16658432.0
	2025-07-31 06:15	prometheus-prometheus-pushgateway-784c485d55-kczqb	pod_pending	1.0
	2025-07-31 06:15	kube-proxy-2mgjw	pod_pending	1.0
	2025-07-31 06:15	kube-proxy-sct9q	pod_pending	1.0
	2025-07-31 06:15	aws-node-xqbqv	pod_pending	1.0
	2025-07-31 06:15	coredns-844d8f59bb-mt26b	pod_pending	1.0
	2025-07-31 06:15	aws-load-balancer-controller-699649575d-fk44d	pod_pending	1.0
	2025-07-31 06:15	cert-manager-58dd99f969-gz6bc	pod_pending	1.0
	2025-07-31 06:15	prometheus-server-7b84b7964c-6fqjr	pod_pending	1.0
	2025-07-31 06:15	ebs-csi-node-fltgc	pod_restart	0.0
	2025-07-31 06:15	cert-manager-webhook-7987476d56-qnxmd	pod_restart	0.0
	2025-07-31 06:15	frontend-665fb7799d-8vhc6	pod_restart	0.0
	2025-07-31 06:15	grafana-58f7855dcb-drbv8	pod_restart	0.0
	2025-07-31 06:15	prometheus-kube-state-metrics-57d654d7bf-g92qr	pod_restart	0.0
	2025-07-31 06:15	prometheus-alertmanager-0	pod_restart	0.0
	2025-07-31 06:15	prometheus-prometheus-node-exporter-htv66	pod_restart	0.0
	2025-07-31 06:15	ebs-csi-controller-76d8884b66-j8wzm	pod_restart	0.0
	2025-07-31 06:15	users-758478f69-v748v	pod_restart	0.0
	2025-07-31 06:15	boards-7549648968-rxqtg	pod_pending	1.0
	2025-07-31 06:15	prometheus-prometheus-node-exporter-q2lg7	pod_pending	1.0
	2025-07-31 06:15	ebs-csi-controller-76d8884b66-ktczg	pod_pending	1.0
	2025-07-31 06:15	cert-manager-cainjector-55cd9f77b5-98r24	pod_pending	1.0
	2025-07-31 06:15	ebs-csi-controller-76d8884b66-ktczg	memory_usage	54722560.0
	2025-07-31 06:15	ebs-csi-node-fltgc	memory_usage	19972096.0
	2025-07-31 06:15	grafana-58f7855dcb-drbv8	memory_usage	116211712.0
	2025-07-31 06:15	kube-proxy-sct9q	memory_usage	13664256.0
	2025-07-31 06:15	prometheus-kube-state-metrics-57d654d7bf-g92qr	memory_usage	16592896.0
	2025-07-31 06:15	prometheus-prometheus-node-exporter-htv66	memory_usage	9830400.0
	2025-07-31 06:15	ebs-csi-node-fltgc	pod_pending	1.0
	2025-07-31 06:15	cert-manager-webhook-7987476d56-qnxmd	pod_pending	1.0
	2025-07-31 06:15	aws-node-t8fzj	pod_restart	0.0
	2025-07-31 06:15	frontend-665fb7799d-8vhc6	pod_pending	1.0
	2025-07-31 06:15	prometheus-kube-state-metrics-57d654d7bf-g92qr	pod_pending	1.0
	2025-07-31 06:15	prometheus-alertmanager-0	pod_pending	1.0
	2025-07-31 06:15	prometheus-prometheus-node-exporter-htv66	pod_pending	1.0
	2025-07-31 06:15	ebs-csi-controller-76d8884b66-j8wzm	pod_pending	1.0
	2025-07-31 06:15	users-758478f69-v748v	pod_pending	1.0
	2025-07-31 06:15	ebs-csi-node-gmw2z	pod_pending	1.0
	2025-07-31 06:15	aws-node-t8fzj	pod_pending	1.0
	2025-07-31 06:15	coredns-844d8f59bb-j58mx	pod_pending	1.0
	2025-07-31 06:15	grafana-58f7855dcb-drbv8	pod_pending	1.0
	2025-07-31 06:15	ebs-csi-controller-76d8884b66-ktczg	net_transmit	289.0736145318278
